deslocamento,JFC1,JFC2,JHC1,JHC2,JM1C1,JM1C2,JM2C1,JM2C2,PFC1,PFC2,PHC1,PHC2,PM1C1,PM1C2,PM2C1,PM2C2,expC1,expC2
-0.0,0.0,0.0,0.0,0.0,0.0,0.0,0.0,0.0,0.0,0.0,0.0,0.0,0.0,0.0,0.0,0.0,0.0,0.0
-0.005666666666666666,0.000801291956414153,0.000801291989112624,0.000794091205409845,0.000794091236739211,0.0007929612262532781,0.000792961257412163,0.000793852465607463,0.000793852496923258,0.000368774375565532,0.000368774375565534,0.000703569101985991,0.000703569145922361,0.00119379166043818,0.00119379166043818,0.00107279465926711,0.00107279465926711,,
-0.011333333333333332,0.0016036561637919901,0.0016036559128541198,0.00158925073706977,0.0015892504875715699,0.00158699018041522,0.00158698993114534,0.00158877314691442,0.0015887728974617302,0.0007380192987894709,0.00073801929878943,0.00140806894764012,0.00140806867582713,0.0023892184991633697,0.0023892184991633,0.00214704695155316,0.0021470469515532,,
-0.016999999999999998,0.00240709556066588,0.00240709521360224,0.0023854815013993396,0.00238548114942296,0.00238208978710376,0.00238208943539805,0.0023847649698509198,0.00238476461793017,0.00110773644130911,0.00110773644130907,0.00211350207820229,0.00211350166362366,0.0035862850759933703,0.00358628507599355,0.00322276116421378,0.0032227611642138398,,
-0.022666666666666665,0.00321161385111516,0.0032116133780508396,0.00318278714044325,0.0031827866631849,0.00317826370526045,0.00317826322838337,0.00318183159584571,0.00318183111866531,0.00147792748518135,0.00147792748518138,0.0028198717794648397,0.00281987122870002,0.0047849959713922,0.00478499597139233,0.0042999416058421705,0.00429994160584196,,
-0.02833333333333333,0.00401721453866974,0.00401721388372257,0.003981171118618921,0.003981170460598571,0.003975515416728421,0.00397551475931916,0.0039799765088465704,0.0039799758509422205,0.0018485941229569,0.00184859412295685,0.00352718122394629,0.0035271804790551102,0.00598535578648608,0.00598535578648635,0.0053785926063121105,0.0053785926063121105,,
-0.033999999999999996,0.00482390100640993,0.00482390025542591,0.0047806367815825795,0.00478063602030029,0.004773848284462871,0.004773847524186079,0.0047792030741878,0.00477920231300036,0.0022197380577664303,0.0022197380577664303,0.0042354334540396395,0.004235432566067,0.00718736914319205,0.0071873691431918905,0.00645871851692371,0.00645871851692381,,
-0.03966666666666667,0.00563167687922271,0.00563167602540519,0.0055811876916188104,0.00558118682829448,0.00557326588883056,0.00557326502658878,0.00557951487374468,0.00557951401053215,0.00259136100340926,0.0025913610034093,0.00494463164948574,0.00494463065041066,0.00839104068434382,0.00839104068434372,0.007540323710547859,0.007540323710547909,,
-0.04533333333333333,0.00644054572616179,0.00644054474568455,0.00638282737947531,0.00638282639020077,0.0063737717778455895,0.00637377078976411,0.00638091545806256,0.00638091446892375,0.0029634646844420697,0.00296346468444208,0.00565477904514566,0.005654777909427621,0.00959637507382293,0.00959637507382254,0.008623412581773909,0.0086234125817739,,
-0.05099999999999999,0.00725051111748137,0.00725050998400588,0.0071855593685624,0.0071855582278434,0.00717536949261532,0.0071753683532873,0.007183408370401741,0.00718340722984768,0.00333605083626858,0.00333605083626862,0.0063658788363158,0.00636587753928888,0.0108033769966863,0.0108033769966861,0.0097079895470568,0.00970798954705663,,
-0.05666666666666666,0.00806157664416588,0.00806157532810872,0.007989387203212309,0.00798938588087943,0.00797806259535244,0.007978061274519459,0.00798699717502405,0.0079869958529359,0.00370912120523048,0.00370912120523048,0.00707793423366665,0.007077932741848641,0.0120120511592973,0.0120120511592973,0.0107940590448664,0.0107940590448664,,
-0.06233333333333333,0.00887374590308842,0.00887374440021825,0.00879431443685437,0.00879431292525457,0.00878185465822248,0.008781853147199791,0.00879168544554619,0.00879168393405548,0.004082677548698939,0.00408267754869891,0.00779094846975388,0.0077909467623811296,0.0132224022894575,0.0132224022894576,0.0118816255358377,0.0118816255358376,,
-0.06799999999999999,0.00968702243470905,0.009687020834528041,0.00960034455655615,0.00960034294798294,0.0095867491841098,0.009586747576302459,0.00959747668881662,0.009597475080361541,0.00445672163516715,0.004456721635167121,0.00850492470014475,0.00850492285602056,0.014434435136538,0.014434435136538,0.0129706935029221,0.0129706935029222,,
-0.07366666666666666,0.0105014099772255,0.0105014082860213,0.0104074812553318,0.0104074795567309,0.0103927498852629,0.0103927481874818,0.0104043746181713,0.0104043729196984,0.00483125524434397,0.00483125524434397,0.0092198662390838,0.009219864295395409,0.0156481544716127,0.0156481544716125,0.01406126745154,0.01406126745154,,
-0.07933333333333334,0.0113169122253845,0.0113169104305706,0.0112157281818406,0.0112157263798543,0.0111998604279533,0.0111998586271635,0.0112123829022309,0.0112123811006872,0.00520628016724838,0.00520628016724835,0.0099357764284013,0.009935774372469359,0.0168635650875915,0.0168635650875915,0.0151533519097339,0.015153351909734,,
-0.08499999999999999,0.0121335328756349,0.0121335309653191,0.0120250889836413,0.0120250870667605,0.0120080844784915,0.0120080825629048,0.012021505209507,0.0120215032930898,0.00558179820630467,0.00558179820630462,0.0106526585796517,0.0106526563988527,0.0180806717993564,0.0180806717993564,0.0162469514283246,0.0162469514283244,,
-0.09066666666666666,0.0129512756463937,0.0129512736085603,0.0128355673315741,0.0128355652878972,0.0128174257256479,0.0128174236833985,0.0128317452309804,0.0128317431877898,0.0059578111754392,0.00595781117543918,0.0113705160242643,0.0113705137057521,0.0192994794438955,0.0192994794438954,0.0173420705810653,0.017342070581065,,
-0.09633333333333333,0.0137701442769655,0.0137701421001892,0.0136471669170611,0.013647164735059,0.0136278878791532,0.0136278856986865,0.013643106678601,0.0136431044971111,0.00633432090017758,0.0063343209001775706,0.0120893521135561,0.0120893496444205,0.02051999288044,0.02051999288044,0.0184387139648001,0.0184387139648,,
-0.10199999999999998,0.0145901425282775,0.0145901401967016,0.0144598914526229,0.0144598891168689,0.0144394746699182,0.0144394723358958,0.0144555932855064,0.0144555909502953,0.00671132921774305,0.00671132921774302,0.012809170217963,0.0128091675862068,0.0217422169906024,0.0217422169906021,0.0195368861995955,0.0195368861996196,,
-0.10766666666666666,0.0154112741837632,0.0154112716803867,0.0152737446729927,0.015273742166403,0.0152521898510319,0.0152521873464166,0.0152692088071347,0.0152692063011193,0.0070888379771561205,0.007088837977156,0.0135299737279132,0.0135299709138172,0.0229661566784189,0.0229661566785032,0.0206365918732271,0.0206365919234539,,
-0.11333333333333331,0.0162335430480344,0.0162335403603621,0.0160887303343918,0.0160887276445738,0.0160660371955949,0.0160660345096251,0.0160839570205501,0.0160839543313058,0.0074668490393345,0.00746684903933435,0.014251766053982,0.0142517630424897,0.0241918153605953,0.0241918167193853,0.021737833592272,0.0217378355968736,,
-0.119,0.017056952947783,0.0170569500665361,0.0169048522145701,0.0169048493323432,0.0168810204926014,0.0168810176244039,0.0168998417243093,0.0168998388426931,0.007845364277195259,0.00784536427719515,0.0149745506285394,0.0149745474093206,0.0254191081285618,0.0254191912788217,0.0228405959878987,0.0228406198577993,,
-0.12466666666666666,0.017881507711368,0.0178815046491371,0.0177221140959235,0.0177221110307688,0.0176971435118709,0.0176971405072862,0.0177168667227632,0.0177168636574434,0.00822438557576069,0.00822438557575697,0.0156983309047102,0.0156983274682156,0.0266476440482033,0.0266481655672989,0.0239447918977298,0.0239449388731369,,
-0.1303333333333333,0.0187072111677873,0.018707207980637,0.0185405197423965,0.0185405165622279,0.0185144099004035,0.0185144069859633,0.0185350358093997,0.0185350326198255,0.00860391487496228,0.008603914836515,0.0164231103226626,0.0164231066930811,0.0278773059378939,0.0278784945561053,0.0250502128258668,0.0250507616665591,,
-0.13599999999999998,0.0195340672361891,0.0195340639563846,0.0193600729573842,0.0193600697649429,0.0193328231479462,0.0193328208817835,0.0193543528801973,0.0193543495963552,0.00898395586986467,0.00898395414849143,0.0171488923222227,0.0171488885779332,0.0291082114551333,0.0291101225160888,0.0261566314590087,0.0261580085766613,,
-0.14166666666666666,0.0203620798614754,0.02036207649442,0.0201807770315296,0.0201807744482441,0.0201523856463319,0.0201523859309634,0.0201748217991682,0.020174818472998,0.00936452771732102,0.00936450724693914,0.0178756803696088,0.0178756766302607,0.0303403596496744,0.0303431127593908,0.0272639287856803,0.0272665517565849,,
-0.14733333333333332,0.0211912529813889,0.0211912495346922,0.0210026316945607,0.0210026340797889,0.020973095917592,0.0209731054799274,0.0209964462281299,0.0209964431355445,0.00974571481782378,0.00974558636162686,0.0186034774201681,0.0186034743263487,0.0315734768128091,0.0315774462241628,0.0283721571611447,0.0283762730405192,,
-0.153,0.0220215903041522,0.022021587015821,0.0218256151235561,0.0218256497980093,0.0217949411517994,0.021794981558965,0.0218192283443181,0.0218192273429394,0.0101280381049163,0.0101272607072774,0.0193322832951021,0.0193322848392342,0.0328082216321278,0.032813040562939,0.0294821850283,0.0294871688089869,,
-0.15866666666666668,0.0228530912895605,0.0228530924672051,0.0226496196219513,0.0226498090962248,0.0226178860946496,0.0226180120648876,0.0226431615944265,0.0226431739703492,0.0105153571660535,0.0105099741478592,0.020062082354277,0.0200621095033402,0.0340518635843127,0.0340508730352053,0.0305980129582441,0.030599573271526,,
-0.16433333333333333,0.02368569868199,0.023685762685051,0.0234744384843858,0.0234750399357791,0.0234418946373989,0.0234421839279721,0.023468197964704,0.0234682808776234,0.010925299186047,0.0108957612633171,0.0207928184018284,0.0207929402474015,0.0353252298904494,0.0352965842347187,0.0317311657038206,0.0317147441108215,,
-0.16999999999999998,0.0245191129741757,0.0245195181645647,0.0243000016874819,0.0243011593969562,0.0242670809924778,0.024267463906208,0.0242941818890395,0.0242945215212925,0.0114038858646339,0.0112912682485544,0.0215244457259618,0.0215247379424422,0.0366531866922761,0.0365637116948826,0.0329045654769106,0.0328360562111614,,
-0.17566666666666664,0.0253531174793595,0.0253540404824015,0.0251265100213834,0.0251280293649965,0.0250940673179988,0.0250938163871121,0.025120923683299,0.025121789524567,0.0120162595749574,0.011712519522824,0.0222571092700194,0.0222574404399646,0.0380508087916239,0.0378688390426775,0.0341506272734822,0.0339707007669154,,
-0.18133333333333332,0.0261878441831425,0.0261891637827549,0.0259547460022268,0.0259557365821323,0.0259247503911514,0.025921319592539,0.0259484120364303,0.0259498912224931,0.0128104439537616,0.012187485415204,0.0229915351585972,0.0229910860727326,0.0395209702750049,0.0392234196581102,0.0355037177917271,0.0351310425530875,,
-0.187,0.0270234124691293,0.027025031539877,0.0267881521281115,0.0267846852078894,0.0267642115894828,0.0267504323664941,0.0267769112203628,0.0267787226475739,0.0138031463086007,0.0127499093256089,0.0237307048660912,0.0237260255359832,0.0410596914470723,0.0406309417346987,0.0369939658777185,0.0363342923387893,,
-0.19266666666666665,0.0278599476970391,0.0278617531709587,0.0276409155001267,0.0276164424528979,0.027625200419054,0.0275825210192505,0.0276074349794715,0.0276083936446546,0.0149950520898339,0.0134270509430939,0.0244866409064226,0.0244636271109457,0.0426615851215534,0.0420892515530124,0.0386460667600895,0.0376001650229089,,
-0.1983333333333333,0.0286991452816362,0.028699454646247,0.0285610359434179,0.0284574164229085,0.0285369705150737,0.0284210815601513,0.0284440807560566,0.0284393685994492,0.0163865754422003,0.0142335656886818,0.0253015937823977,0.0252091603532865,0.044323037438682,0.0435940162944859,0.0404801036975476,0.0389481386835477,,
-0.20399999999999996,0.0295544151276357,0.0295397165201364,0.0296619068599441,0.0293308676326749,0.0295578779031681,0.0292745527252063,0.0293021660425083,0.0292733664918654,0.0179821485342706,0.0151752344648484,0.0262838493809092,0.0259819236240437,0.0460449243591633,0.0451412152073328,0.0425094044622952,0.0403963011114463,,
-0.20966666666666667,0.0304975791874665,0.0303944104043783,0.0311117982240454,0.0303035672435879,0.0307831891257788,0.0301620376010791,0.0302299707922418,0.0301167955269775,0.0197857564341204,0.0162559996965208,0.0276078286623476,0.0268407106629795,0.0478337126071502,0.0467289635120238,0.0447346714767125,0.0419623108920606,,
-0.21533333333333332,0.0317118701078179,0.0313268533855461,0.0330659210335908,0.0315067685821604,0.0323345376300976,0.0311227866710827,0.0313397476154017,0.0309913373733932,0.021793244603213,0.0174829053932432,0.0294398078547031,0.0279123440189692,0.0497015417018693,0.048358492197735,0.0471407120224726,0.0436654905553613,,
-0.22099999999999997,0.0334277438494341,0.032505846515679,0.0355997331180862,0.0331078366357202,0.0343290082423931,0.032226632982708,0.0328098751602718,0.0319578184527092,0.0239875327930375,0.0188678220268992,0.031855811461035,0.0293713420035399,0.0516656278223544,0.0500344769664066,0.0497003228505522,0.0455280587431696,,
-0.22666666666666663,0.0358013600567575,0.0341581822933798,0.038685946598265,0.0352437670731168,0.0368413939897607,0.0335763285658687,0.0348359905601165,0.0331420182286332,0.0263402547092898,0.0204263527238571,0.0348178082966242,0.0313639130892677,0.0537456470246299,0.0517653899215754,0.0523812578785846,0.0475726967811187,,
-0.23233333333333334,0.0388502057448887,0.0364547381946374,0.0422141802034576,0.0379676069782703,0.039876411457544,0.0352930166082199,0.0375572912072416,0.0347278301875449,0.0288178285583935,0.0221742003432973,0.0382037687114071,0.0339427242357828,0.0559576216696478,0.0535641771948969,0.055151495956235,0.0498149897515264,,
-0.238,0.0424646493881563,0.0394378374368028,0.0460325157138071,0.0412343031099599,0.0433634220417486,0.0374861515323498,0.0409948346576441,0.0369070581665912,0.0313876292935369,0.0241216950209062,0.0418577192555111,0.0370544543966351,0.0583072235239771,0.0554494224336171,0.0579821248806395,0.0522553468398319,,
-0.24366666666666664,0.0464643155421671,0.0430187022495733,0.0499893387398153,0.0449230898117175,0.0471769951374141,0.0402183398710549,0.0450353630977027,0.039807955089715,0.0340217753746467,0.0262686617490537,0.0456334419308052,0.0405707389107026,0.0607892643724325,0.0574463997584705,0.0608487323473803,0.0548778974093231,,
-0.24933333333333332,0.05065586617545,0.04702609295405,0.0539618424264375,0.0488784084374129,0.0511725017903616,0.0434795381945981,0.0494727380221085,0.0434350641314806,0.0366984000135642,0.0286024565525762,0.0494192227788674,0.0443349834004144,0.0633920213277853,0.0595846875336238,0.063731885070102,0.0576560878453955,,
-0.255,0.0548747786181845,0.0512648696648335,0.0578669136707189,0.0529495225222425,0.0552189404926276,0.0471846418039083,0.0540770918134812,0.0476579662868218,0.0394013139682868,0.0311001201842927,0.0531433981240091,0.0482029525915014,0.0661006671271418,0.0618865062609577,0.0666169443985786,0.0605590988179922,,
-0.2606666666666666,0.0590077566724081,0.0555601404011323,0.0616584402277541,0.0570165667537736,0.0592178981820983,0.0511977423166634,0.058653018487886,0.0522591917042079,0.0421189785185364,0.0337330055172416,0.0567680564093631,0.0520656095406085,0.0688987539922498,0.0643553007077287,0.0694934470874826,0.0635560523088593,,
-0.2663333333333333,0.0629932998756632,0.0597845684370075,0.0653179667214315,0.0609998447410358,0.0631079802401888,0.0553693127610986,0.0630701101720928,0.0570045288713344,0.0448433663954634,0.0364715059952512,0.0602786978254813,0.0558538583300584,0.0717687459636126,0.0669812892411566,0.0723542965652959,0.0666182987618547,,
-0.27199999999999996,0.0668095121419571,0.063864281793874,0.068844356925438,0.0648564667566018,0.0668595078402891,0.0595677456765243,0.0672657935536528,0.0616983069430371,0.0475689762780932,0.0392884341623606,0.0636747149919846,0.0595320399955056,0.0746924015330151,0.069749781732416,0.0751949579582854,0.0697206812010294,,
-0.2776666666666666,0.0704587483360924,0.0677693159107796,0.0722455340285762,0.0685707836817104,0.0704651382879054,0.0636962754630009,0.0712289576842497,0.0662119150103501,0.0502920712462851,0.0421607479807665,0.0669625404836948,0.0630875777484501,0.0776514038613864,0.0726443919542665,0.0780127645024136,0.0728421964001973,,
-0.2833333333333333,0.073955056351118,0.071498286286572,0.0755330847292745,0.0721439842355644,0.0739306738557124,0.0676961233272081,0.0749776068816332,0.070485932893392,0.0530101276760973,0.0450699834974112,0.0701514540280126,0.0665214710331689,0.0806282571962051,0.0756478493597259,0.0808063699434719,0.0759661488163886,,
-0.289,0.0773162649553098,0.0750644944554579,0.0787192550867618,0.0755858397689179,0.0772681543042159,0.0715405740583358,0.0785409132392023,0.074513073256572,0.0557214502366836,0.0480019165731531,0.0732513359485387,0.0698414608311687,0.0836072132889638,0.0787417317866663,0.0835753390198324,0.0790798797820092,,
-0.29466666666666663,0.0805599412635591,0.0784865724543653,0.0818155272173254,0.0789093587052935,0.0804915476775964,0.075225241037939,0.081948859216548,0.0783150620613753,0.0584249093887163,0.0509458885175196,0.0762716255555529,0.0730578645555507,0.08657495556848,0.0819060878301755,0.0863198538029475,0.0821742217460621,,
-0.30033333333333334,0.0837017083389654,0.0817834734586703,0.0848320974406734,0.0821278534984626,0.0836144760916746,0.0787586276804818,0.0852278571450822,0.0819241890761858,0.0611197631350706,0.0538940645651511,0.0792209331844033,0.0761813676751329,0.0895209002966393,0.0851196201143967,0.0890405055619899,0.085242843766271,,
-0.306,0.0867547458958426,0.0849723054675423,0.0877778155846634,0.0852535862462114,0.0866492373431585,0.082155079389045,0.0883996611225455,0.0853728108079399,0.0638055373238441,0.0568407628179458,0.0821069800524495,0.0792220207616941,0.0924371416683066,0.0883606211588301,0.091738151767447,0.088281609567214,,
-0.31166666666666665,0.0897298242767309,0.0880676237070868,0.0906603411785686,0.0882973000045754,0.0896065456810802,0.0854304336582781,0.0914816280014112,0.0886890632992225,0.066481944931231,0.0597819025934464,0.0849366727135286,0.0821888938120429,0.0953181608620497,0.0916083894818333,0.0944138175524784,0.0912880182141303,,
-0.31733333333333336,0.092635603568264,0.0910813612573827,0.093486381779841,0.0912681967384984,0.0924956225813106,0.0885997680927765,0.0944873426210146,0.0918959597889156,0.0691488310992774,0.0627145762991168,0.0877162190454072,0.0850900532984489,0.0981604422443643,0.0948445905249132,0.0970686282010266,0.0942607519774613,,
-0.32299999999999995,0.0954790775308053,0.09402303758631,0.0962619404343703,0.0941741214936994,0.0953244294110788,0.0916764748425263,0.0974272429147468,0.0950118346094735,0.0718061357874128,0.0656367282483439,0.0904512347822735,0.0879326750617875,0.10096210085505802,0.098054131420239,0.0997037632487579,0.097199329535126,,
-0.32866666666666666,0.098266052136862,0.0969001414187822,0.0989925249119358,0.0970218299003824,0.0980999325015569,0.0946720575578145,0.10030919038649799,0.0980510912160614,0.0744538678680745,0.0685469197970055,0.093146827148439,0.0907231937036834,0.10372258425784697,0.101225409538924,0.10232042449683901,0.100103851631938,,
-0.33433333333333326,0.10100158669038302,0.0997186394935617,0.10168328996268598,0.0998172726805974,0.100828342734611,0.0975962734045356,0.10313902391582198,0.10102487412921199,0.0770920875313085,0.0714441588950128,0.0958076494682115,0.0934674375835469,0.10644246346210001,0.10435006111815,0.104919813671325,0.10297482096358901,,
-0.33999999999999997,0.103690374411908,0.102483508642618,0.10433910410636801,0.10256585424513001,0.103515300237502,0.10045741366433698,0.105921139462105,0.103941609533886,0.079720893056572,0.0743277784250656,0.0984379358088772,0.0961707274203049,0.109123289131664,0.107422436994815,0.10750311586972801,0.10581301986789901,,
-0.3456666666666666,0.10633704399000801,0.105199207932634,0.10696454643843599,0.10527263387372501,0.10616599408416699,0.103262617743555,0.10865909199308801,0.10680747037106801,0.0823404120760405,0.0771973479488143,0.10104152139480198,0.0988379352411352,0.11176746944241801,0.110438990930894,0.110071487438572,0.108619432138348,,
-0.3513333333333333,0.108946382218816,0.10787004414801801,0.109563859556337,0.10794244817927501,0.108785219354304,0.10601816667719999,0.11135616144328801,0.109626837439584,0.0849507949308678,0.0800526119978153,0.103621854557631,0.101473512836621,0.11437812010347599,0.11339771608466802,0.112626046098333,0.111395194695404,,
-0.357,0.111523401605387,0.11050041398155899,0.11214089100747,0.11057994825256698,0.11137738581127901,0.108729725782955,0.11401579606933901,0.11240281008861301,0.0875522097369057,0.0828934438086295,0.10618200644639099,0.10408150301782301,0.11695886302107401,0.11629772299895,0.115167862912679,0.11414157177968198,,
-0.36266666666666664,0.11407321524167201,0.11309495783168,0.11469905194887402,0.11318956329850301,0.11394649957066,0.11140251985469699,0.11664185338473501,0.11513777731686199,0.0901448389606666,0.0857198137772864,0.108724681019256,0.10666554527870098,0.11951357771655999,0.11913901451672601,0.117697956267235,0.116859941134748,,
-0.3683333333333333,0.116600793149745,0.115658592886533,0.117241303898135,0.11577541846837901,0.11649613698575399,0.114041434940469,0.11923861330327601,0.11783400154753698,0.0927288764591403,0.0885317648442242,0.11125222536596902,0.109228882465805,0.122046143279505,0.12192247559829401,0.12021728670526899,0.11955178595125901,,
-0.374,0.11911068891821198,0.11819636612414801,0.11977017442801599,0.118341243222585,0.119029428549091,0.116651052575117,0.121810604873771,0.12049411394690501,0.095304525584354,0.091329395706833,0.113766645141626,0.111774371117365,0.12456021287487701,0.1246500459561,0.12272675304394001,0.12221868755156,,
-0.3796666666666666,0.12160677727685401,0.12071319298439401,0.122287788478494,0.12089030435304302,0.121549059628875,0.11923563265487101,0.124362332198919,0.123121401411372,0.0978719970221961,0.0941128476205848,0.116269622372962,0.11430449682144803,0.127059053122093,0.12732497262759498,0.12522719052727302,0.124862314281383,,
-0.3853333333333333,0.1240920594987,0.12321358595022801,0.12479591067035001,0.123425383552507,0.124057289996202,0.121799068040273,0.126897993842086,0.12571981346382502,0.10043150790635699,0.0968822954462699,0.118762545598198,0.116821393147319,0.12954545632324999,0.129951966046149,0.127719369392698,0.12748440350866,,
-0.391,0.126568665927375,0.125701407932981,0.12729599139826,0.125948798520639,0.126555987507071,0.124344835294719,0.12942127003123402,0.128293724560297,0.10298328034152601,0.0996379406371009,0.12124654952906899,0.11932686235577801,0.13202172012597402,0.132537080158569,0.130203995699804,0.130086737659021,,
-0.3966666666666666,0.129038078658657,0.128179667772636,0.129789214842114,0.12846245199551298,0.129046670117586,0.12687596080079902,0.13193520250253302,0.130847577512892,0.10552754037984699,0.102380006209517,0.12372256332073199,0.121822397134888,0.134489674595185,0.13508725495461402,0.132681712279713,0.1326711135798,,
-0.4023333333333333,0.131501406343357,0.130650459798699,0.132276538760768,0.13096789114756,0.131530550993985,0.129395012946877,0.134442153374827,0.133385544413067,0.10806451711705801,0.10510873309935302,0.126191358601679,0.12430920726997,0.136950739847815,0.137609639803164,0.135153101665476,0.135239308735074,,
-0.4079999999999999,0.133959549974701,0.13311513779269998,0.13475872291548,0.133466366438966,0.134008582956444,0.131904121341451,0.136943825064051,0.13591129102157698,0.11059444181630801,0.107824377870251,0.12865359216798,0.126788256354515,0.139405994162663,0.140110928322423,0.137618689010496,0.137793046090846,,
-0.4136666666666666,0.13641323292945198,0.135574613655938,0.137236344254282,0.135958886298231,0.136481501420007,0.134405016998723,0.139441334457488,0.13842786579319502,0.11311754706031,0.110527210564199,0.131109839341431,0.129260309141742,0.141856244296317,0.142596890295948,0.140078946199579,0.140333962874273,,
-0.41933333333333334,0.138863008025453,0.138029596298449,0.13970980926066798,0.13844626582188096,0.13894986497381798,0.136899084282819,0.14193533755619298,0.14093768346142402,0.115634065778511,0.11321751362859299,0.13356062028160498,0.131725982235301,0.14430208904287803,0.145072159953087,0.142534296481625,0.142863582952083,,
-0.425,0.14130934100132997,0.140480672387641,0.142179378878594,0.14092916492572,0.141414095201881,0.139387415595167,0.144426181305585,0.14344255478135398,0.118144231019891,0.11589558116132001,0.13600641475572198,0.13418578959443,0.146743972334942,0.147540235408615,0.144985118006544,0.145383297419549,,
-0.43066666666666664,0.143752710376516,0.142928294358144,0.144645210917272,0.14340811067197398,0.14387451326454,0.14187086236173801,0.14691404638600303,0.14594373347793202,0.12064827442444999,0.11856171853486801,0.138447669184655,0.136640178942892,0.149182226503866,0.15000360725178602,0.147431749296387,0.14789435297945902,,
-0.4363333333333333,0.14619361761891697,0.145372820079606,0.147107409537393,0.145883502956068,0.146331372107852,0.14435007880632,0.14939905073666299,0.14844198490077698,0.123146426020218,0.12121624147927301,0.140884794438475,0.13908955895414402,0.151617104789763,0.15246394356612303,0.14987449312832998,0.150397847603836,,
-0.44199999999999995,0.14863248870073098,0.14781461972475501,0.14956606322098198,0.14835561301476502,0.148784881841781,0.146825558115703,0.151881306956176,0.15093768934513502,0.125638913602626,0.123859476089886,0.14331815873884804,0.141534317751182,0.154048806268871,0.15492228158538698,0.152313620193986,0.15289473316986,,
-0.4476666666666666,0.151069507817164,0.15025413053875197,0.15202126556572304,0.15082459208474,0.151235228813637,0.149297662580049,0.15436094745204001,0.153430971199109,0.128125961387366,0.126491758305367,0.14574807738521303,0.143974832325802,0.15647749374029502,0.157379201368512,0.154749373922152,0.15538582344370003,,
-0.45333333333333325,0.153504522315368,0.152691796150488,0.15447312474396802,0.15329050191464302,0.15368258799072,0.15176665080521398,0.15683813895909499,0.155921828430151,0.13060779004900802,0.129113433440294,0.14817480581972198,0.14641146879554098,0.15890330574432301,0.15983497044452,0.157181972945254,0.15787180603129902,,
-0.45899999999999996,0.15593719390847902,0.15512791129287304,0.15692176762489402,0.155753359940663,0.156127130525044,0.15423270384176901,0.159313088277783,0.158410233736249,0.13308461598061802,0.13172485541277998,0.150598537918393,0.14884457481325303,0.16132636559198002,0.16228965620658803,0.15961161465004597,0.16035325631678402,,
-0.4646666666666667,0.15836723585404097,0.15756245543863098,0.159367344150917,0.158213178962379,0.158569027673573,0.15669595045781198,0.161786028547569,0.160896190041263,0.13555665047521098,0.134326385753451,0.153019413730505,0.151274466852344,0.16374678714856,0.16474320956429,0.162038477952954,0.162830652571721,,
-0.47033333333333327,0.1607944794991,0.159995116439173,0.161810030648143,0.16066998916479097,0.16100845133539302,0.15915648962008,0.16425718030971,0.163379748807908,0.13802409937025198,0.13691839288645,0.155437534244484,0.15370141621807298,0.166164677835831,0.167195523264884,0.164462725570743,0.165304390594553,,
-0.476,0.16321882339024898,0.162425535796303,0.164250029543403,0.16312384485070902,0.163445572624521,0.16161440832785298,0.166726696712025,0.16586101445796,0.140487162970417,0.139501250086903,0.157852978113076,0.15612563838979301,0.168580141295989,0.16964647067216101,0.166884506058449,0.16777479785649602,,
-0.4816666666666666,0.165640200663852,0.164853473730042,0.166687564494344,0.16557482458381304,0.16588055831933302,0.164069793782043,0.16919462073079702,0.16834014681283999,0.14294603512294798,0.142075334676945,0.160265818179099,0.158547289937672,0.17099327826343302,0.17209592772364599,0.169303955490371,0.17024214589251,,
-0.4873333333333333,0.16805859484076902,0.167278792034094,0.16912286960578798,0.16802303123725001,0.168313565823346,0.16652274053194502,0.17166088566179402,0.170817355136271,0.145400903492597,0.144641025588927,0.162676132088108,0.16096647514194198,0.17340418658731502,0.174543785529586,0.17172119920898699,0.172706661297554,,
-0.493,0.17047408230897598,0.169701395723299,0.17155617503266302,0.17046859384756,0.170744738476692,0.168973353752808,0.17412536125717498,0.173292871897251,0.14785194894398299,0.14719870183628303,0.16508401020931798,0.16338326065971498,0.175812961540014,0.17698995496327502,0.174136353120725,0.175168534840942,,
-0.49866666666666665,0.172886871343179,0.172121222452809,0.173987690075909,0.172911669701168,0.173174201187765,0.171421749952459,0.17658791161059498,0.17576690479936402,0.150299345822135,0.14974874051433898,0.167489558602037,0.165797693250253,0.178219695196573,0.179434367135538,0.17654952454504502,0.17762792929789997,,
-0.5043333333333333,0.175297300931633,0.174538271545262,0.17641758870679503,0.175352443746745,0.175602058417578,0.173868056035797,0.17904843489748198,0.178239580945618,0.15274326139833402,0.152291514487042,0.16989290033188298,0.16820981538006197,0.180624475914523,0.18187697203035702,0.17896081330538396,0.18008498536401302,,
-0.51,0.17770579679575,0.176952648490381,0.178845998079321,0.17779112309487,0.178028393619695,0.176312407094399,0.181506877382925,0.180710911523143,0.155183856340868,0.154827390417689,0.172294172571773,0.170619676516971,0.18302738839979701,0.18431773641233604,0.18137031264218598,0.182539826519699,,
-0.5156666666666666,0.18011280964508802,0.179364595581755,0.181272996293732,0.180227926266001,0.18045327166677502,0.17875494304538,0.183963231860457,0.18318080212586701,0.157621284511303,0.157356727081046,0.17469352127323798,0.17302734036945402,0.18542851339711,0.186756641530625,0.18377810987757803,0.184992562891483,,
-0.5213333333333332,0.18251875354953698,0.181774477540492,0.18369861935963103,0.18266306855282102,0.182876742101978,0.18119580420610898,0.18641752872976103,0.185649102889892,0.16005569306587,0.159879873501151,0.17709109316734697,0.175432888900346,0.187827927119844,0.18919368201776102,0.186184286743222,0.18744329412505603,,
-0.527,0.18492394909610801,0.18418272971851302,0.186122874215874,0.185096745789643,0.18529884376039396,0.18363512613909602,0.188869826356387,0.188115665365923,0.162487222736623,0.16239716715599403,0.17948702680578302,0.177836423675748,0.19022570121386104,0.19162886483113103,0.18858892033838498,0.189892111281838,,
-0.5326666666666666,0.187328569448506,0.18658979519266003,0.18854575424051798,0.187529119376242,0.18771960904775303,0.186073034250784,0.191320202708954,0.190580379803238,0.164916007996311,0.164908933136454,0.181881445251847,0.180238064087656,0.19262190287707395,0.19406220860634601,0.190992083531927,0.192339099181974,,
-0.5383333333333333,0.18973260987515198,0.18899606448400602,0.190967250439195,0.18996030577430398,0.19013906787934304,0.188509639065587,0.19376875304009097,0.19304318899605,0.167342177167083,0.16741548239565898,0.18427445193719197,0.182637942362177,0.195016594730317,0.19649374351681304,0.19339384500572898,0.194784336805148,,
-0.5439999999999999,0.19213591710809802,0.191401818406291,0.193387356767599,0.19239037354316196,0.192557250962074,0.19094503286198397,0.196215592819733,0.195504086165363,0.169765852609108,0.169917111440292,0.186666133937754,0.18503619564807003,0.19740983520407301,0.19892351030004396,0.195794269867536,0.197227898751335,,
-0.5496666666666666,0.19453828086701103,0.193807177957155,0.195806070990848,0.194819349294511,0.194974192371043,0.193379288359507,0.198660861806479,0.197963104500457,0.17218715124489697,0.17241410194815,0.18905656974326,0.187432956604578,0.199801678320598,0.201351559232677,0.198193420304312,0.19966985573329699,,
-0.5553333333333332,0.19693952924461303,0.196212087505112,0.198223394036293,0.19724723041275502,0.197389931176293,0.19581245945289,0.201104724999322,0.20042030367105104,0.17460618459913702,0.174906719974224,0.19144583986238603,0.18982834455933897,0.20219217430834804,0.203777948788332,0.200591355554463,0.20211027514774602,,
-0.5609999999999999,0.199339572900793,0.198616362486768,0.20063933121254102,0.19967399977494002,0.199804512918647,0.19824458376580897,0.203547366328871,0.20287575751815803,0.17702305901643697,0.177395216611167,0.19383403485595002,0.192222460392285,0.20458136997261497,0.206202743343538,0.20298813225208498,0.20454922146762802,,
-0.5666666666666667,0.201738386207655,0.201019785525381,0.20305389512309,0.202099637527008,0.20221798904488197,0.20067568633736,0.205988976865647,0.205329547439082,0.17943787607298498,0.17987982754856302,0.19622125778369198,0.19461538769303002,0.206969309189707,0.208626010876209,0.205383804780363,0.20698675670043104,,
-0.5723333333333334,0.20413595297764603,0.20342219214039198,0.205467111404082,0.204524127284614,0.20463041689289702,0.203105783656888,0.208429739091788,0.20778176338464802,0.181850732621256,0.18236077402163398,0.198607622786443,0.19700720031356397,0.209356034043017,0.211047820674613,0.20777842551621697,0.20942294021233301,,
-0.578,0.20653221944284397,0.205823501856483,0.20787902341091602,0.206947457252381,0.207041857956031,0.20553488758068802,0.21086981065891,0.21023251028657802,0.18426172162909102,0.18483826278060198,0.200993249522379,0.199397973067325,0.21174158452515196,0.21346824167742898,0.210172045057759,0.211857829232417,,
-0.5836666666666666,0.20892709251771302,0.208223691357245,0.2102896935906,0.209369618570843,0.20945237642606002,0.20796300868658602,0.2133093110801,0.212681914479387,0.186670931527768,0.18731248755409,0.203378257810231,0.20178779063103103,0.214126000547535,0.21588734007676397,0.212564712440249,0.214291479126188,,
-0.5893333333333333,0.211320485730589,0.21062273873778697,0.212699202345334,0.211790604256531,0.21186203739076997,0.21039015905820102,0.21574831465101,0.215130125335194,0.18907844717682298,0.18978362889321498,0.205762761628292,0.204176751525402,0.21650932219295002,0.21830517937144397,0.214956475018018,0.216723943406294,,
-0.595,0.21371237605836102,0.21302058091032602,0.215107641736131,0.214210410647561,0.214270905551439,0.21281635436304502,0.21818685138063104,0.21757731021845397,0.191484349786952,0.192251855388625,0.208146864263237,0.20656496682226502,0.21889159048447895,0.220721818790885,0.21734737892956899,0.21915527355607503,,
-0.6006666666666667,0.216102832676031,0.215417116685718,0.217515108099034,0.21662904188778304,0.216679045216412,0.21524161543630604,0.220624914593939,0.22002364363005103,0.193888717198846,0.194717324520191,0.210530653895037,0.20895255536429,0.22127284783576603,0.223137314100049,0.21973746937001395,0.22158551970106602,,
-0.6063333333333333,0.218492007303802,0.217812254543433,0.219921692707184,0.219046515568162,0.219086520814743,0.217665969272222,0.223062472342696,0.22246929270429502,0.19629162403104602,0.19718018342108398,0.21291419990714103,0.211339637572667,0.22365313888101998,0.22555171742894697,0.22212679024197898,0.22401473019137,,
-0.612,0.220880101261862,0.220205968504507,0.222327475176447,0.22146286740264104,0.221493398120565,0.22008944949674103,0.225499478756732,0.22491440245101998,0.198693141871012,0.19964056948308603,0.21529754928671102,0.21372632935813698,0.22603251039279998,0.22796507824651,0.224515384211938,0.226442951632036,,
-0.6176666666666666,0.22326732283514,0.22259832497985102,0.22473251967295102,0.22387815277320602,0.223899745898255,0.22251209620635898,0.22793588381985397,0.22735908392111398,0.20109333959485198,0.20209861105914398,0.21768072343910602,0.216112736777103,0.228411011484252,0.23037744354501102,0.2269032931883,0.22887022945980603,,
-0.6233333333333333,0.225653842675411,0.22498947242115602,0.22713687742899802,0.22629244447711103,0.226305636715203,0.22493395529220397,0.23037163973650102,0.229803408127305,0.20349228342816397,0.20455442874431604,0.22006371612952103,0.21849895166514802,0.230788693198764,0.232788858687329,0.22929055800941398,0.23129660746856198,,
-0.6289999999999999,0.22803975799105303,0.227379607559621,0.22954059348008,0.228705827083353,0.22871114736553896,0.227355077241531,0.232806703190264,0.23224740672338298,0.20589003692234603,0.20700813535900198,0.222446493340405,0.220885047738672,0.233165608985225,0.23519936766141397,0.23167721854993698,0.233722127874246,,
-0.6346666666666667,0.230425093378263,0.22976893255010103,0.23194371486030801,0.23111838909317,0.231116358255901,0.22977551576383198,0.23524103435010602,0.23469107831815303,0.20828666156090198,0.20945983691815498,0.224828997038074,0.223271077123731,0.23554181381942202,0.237609013657578,0.23406331377141398,0.23614683172932,,
-0.6403333333333333,0.232809846525222,0.23215760986213102,0.23434629700612802,0.23353021457423698,0.23352135156935,0.232195326449855,0.23767459457143802,0.237134397656737,0.210682216514462,0.21190963324168,0.22721115300043299,0.22565706710247602,0.23791736405198,0.240017838292891,0.23644888163828398,0.238570758451407,,
-0.6459999999999999,0.23519404193274301,0.23454572878464397,0.236748406113615,0.23594137657696304,0.23592620937339998,0.234614565899023,0.24010734373413897,0.23957732520759303,0.213076758678305,0.21435761823546695,0.22959288325729396,0.22804301746754396,0.240292317129573,0.242425882695303,0.238833959172226,0.24099394606430702,,
-0.6516666666666666,0.23757775440084603,0.236933310759825,0.239150118475871,0.238351934398773,0.23833101130279602,0.237033291537087,0.242539240770501,0.24201981530213698,0.21547034324138803,0.216803880681733,0.231974119740829,0.230428899431858,0.24266673139558498,0.24483318629247602,0.24121858270107396,0.24341643115713898,,
-0.6573333333333333,0.23996110463853698,0.23932035755429898,0.24155151766379002,0.24076193607396498,0.24073583200717003,0.23945156208172,0.244970247491429,0.244461821923114,0.21786302341675698,0.219248504345167,0.234354817238476,0.232814657409501,0.24504066494937,0.24723978686618697,0.24360278730587803,0.245838249221147,,
-0.6629999999999999,0.242344241888389,0.24170690169545003,0.243952691634332,0.243171424880264,0.243140738942184,0.24186943852920897,0.24740033436475797,0.24690330164042498,0.22025485069129397,0.221691568665556,0.23673496063862198,0.235200214951659,0.24741417676772098,0.249645719913422,0.24598660737999697,0.248259433742697,,
-0.6686666666666665,0.24472732431745398,0.24409302717425801,0.24635372860364702,0.24558044693883396,0.245545790169666,0.24428698515341896,0.24982948745670103,0.24934421379964103,0.222645874832755,0.224133148618153,0.239114567860334,0.23758548530943,0.249787324468745,0.252051018394947,0.248370076450379,0.250680017340507,,
-0.6743333333333333,0.24711050370557502,0.24647886329976398,0.248754714540143,0.24798905674718802,0.24795103287820303,0.246704270198801,0.252257714311825,0.251784518674317,0.225036144139334,0.226573316007927,0.241493686765247,0.239970385039099,0.252160165347565,0.25445571161792396,0.25075322729280697,0.253100030970032,,
-0.6799999999999999,0.24949391653874498,0.24886456591528602,0.251155730219186,0.25039731932096,0.250356501669897,0.249121365950978,0.254685046472371,0.254224175051845,0.22742570521183603,0.22901213859346803,0.24387238961302302,0.24235484781329897,0.25453275516205504,0.256859825305582,0.253136091913223,0.255519504290663,,
-0.6856666666666666,0.251877679378037,0.25125029705276897,0.253556849362276,0.252805309428738,0.252762217896684,0.251538348068213,0.25711153866279995,0.256663138842657,0.229814603520097,0.23144968093527696,0.246250765429229,0.244738834998971,0.25690514797113395,0.259263380898307,0.255518701517551,0.257938465422583,,
-0.6913333333333332,0.254261887050986,0.253636210048853,0.25595813685184604,0.25521310907866196,0.25516818904631,0.253955294279024,0.259537263922878,0.25910136413964,0.23220288280865603,0.23388600496043202,0.248628912579945,0.24712234097022398,0.259277395717511,0.26166639517375195,0.25790108696819103,0.260356941371083,,
-0.697,0.256646613913287,0.256022441249458,0.258359647675376,0.257620804225418,0.257574409081341,0.25637228258212896,0.261962306299039,0.26153880707384897,0.23459058604558497,0.236321169490818,0.25100693239076,0.249505393073838,0.26164954756323,0.264068880815766,0.26028327815905306,0.262774957557538,,
-0.7026666666666666,0.259031918031075,0.258409106359157,0.260761425131611,0.26002848146331603,0.25998085877523297,0.258789389212975,0.26438675218591695,0.26397543188527106,0.23697775441657398,0.238755230535121,0.253384923515843,0.25188804737529397,0.264021649845401,0.266470846266011,0.26266530492971496,0.26519253857282,,
-0.7083333333333333,0.261417845670999,0.260796299050792,0.26316349933327204,0.26243622502153696,0.26238750806113603,0.261206686522472,0.266810683061235,0.266411217772396,0.239364428323602,0.24118824211297402,0.25576297818208704,0.254270382024895,0.26639374562699697,0.268872296664915,0.265047196283685,0.267609707595162,,
-0.714,0.26380443272961396,0.263184091594711,0.265565884163248,0.26484411423712,0.264794318160863,0.263624241031634,0.269234171353653,0.268846164721943,0.24175064679349698,0.243620255748919,0.258141179347191,0.25665248978301897,0.26876587425959697,0.271273235455335,0.267428981211927,0.27002648698609,,
-0.7196666666666667,0.266191699385682,0.265572538147525,0.267968574352207,0.267252221614636,0.26720124510778503,0.266042111700428,0.27165728084507895,0.27128029677653,0.24413644802988702,0.246051320833293,0.260519600114378,0.25903447081137804,0.271138071630597,0.27367366517449,0.269810688170412,0.27244289823467,,
-0.7253333333333333,0.268579637432846,0.2679616795697,0.27037154175445804,0.269660611484232,0.269608243636443,0.26846034850212896,0.274080070390857,0.273713661921627,0.246521869117724,0.24848148498838,0.262898303199879,0.26141642642064,0.273510370058154,0.27607358989266495,0.27219234539989495,0.27485896242533897,,
-0.7309999999999999,0.27096819112895604,0.2703515463955,0.27277473326570195,0.272069338974482,0.272015271526724,0.27087899133769,0.276502599244384,0.27614632834226,0.24890694601632,0.250910793702721,0.26527734264385605,0.263798454042891,0.27588279847560904,0.278473016482567,0.274573980955513,0.27727469993267895,,
-0.7366666666666666,0.273357234036813,0.272742156232914,0.275178070279796,0.27447844917740605,0.274422293136932,0.273298069187222,0.278924931192097,0.278578377824516,0.251291714020956,0.253339290951768,0.267656764906993,0.266180643590321,0.27825538296155894,0.280871956085378,0.276955622471502,0.279690131290311,,
-0.7423333333333333,0.275746554103718,0.275133503855635,0.277581452706415,0.27688797610486404,0.27682928311473104,0.275717599596277,0.281347136454939,0.281009897565109,0.253676207283355,0.25576701903817395,0.27003661098391196,0.26856307519130396,0.280628146892332,0.283270425908852,0.27933729748883,0.28210527699966303,,
-0.748,0.27813586486777897,0.277525543991619,0.27998476737472,0.27929794111671696,0.27923622825864697,0.278137588426433,0.283769290955326,0.28344097246524497,0.256060459209037,0.258194018771288,0.27241691723308703,0.270945818410693,0.28300111146369605,0.285668449392112,0.28171903356959904,0.28452015751341,,
-0.7536666666666665,0.280524854122312,0.27991816949985804,0.282387900279565,0.28170835066981104,0.281643128964379,0.28055802995367496,0.286191475015137,0.28587167983241496,0.258444502460346,0.26062032940731,0.27479771603345604,0.273328932546274,0.285374296506824,0.28806605686245196,0.284100857758037,0.286934794153529,,
-0.7593333333333332,0.28291325213200896,0.28231119349078804,0.284790750826161,0.28411919343623904,0.284049999502278,0.282978907355461,0.288613770570912,0.28830208800275603,0.260828368666408,0.26304598914465804,0.27717903587607295,0.275712467964671,0.287747720750419,0.29046328524781295,0.286482797086593,0.289349208324225,,
-0.765,0.285300883038225,0.28470435173488695,0.287193243963341,0.28653043729431604,0.286456867027309,0.285400193698001,0.29103625896102103,0.290732258656223,0.263212089034836,0.265471034811038,0.27956090095724895,0.27809646781858,0.290121402261606,0.292860177943231,0.28886487843105896,0.291763422329046,,
-0.7706666666666666,0.28768768146747803,0.28709733933259,0.289595337830176,0.288942027042973,0.288863770550338,0.28782185350150297,0.293459018702579,0.29316225132126195,0.265595693589915,0.26789550200713397,0.281943331107721,0.280480969778407,0.29249535882391103,0.29525678355800106,0.291247128491898,0.29417745910939397,,
-0.7763333333333333,0.29007368129793104,0.28948987219420097,0.29199702583374,0.291353884156883,0.29127075856939694,0.290243844876299,0.29588212420789195,0.29559212782003697,0.267979211882438,0.27031942542658605,0.28432634158027603,0.282866007220867,0.29486960845381605,0.297653155835161,0.293629573723495,0.296591342087961,,
-0.782,0.29245899209057397,0.291881742478823,0.294398334908826,0.293765910028416,0.293677887460632,0.292666122243772,0.29830564470766197,0.298021955095787,0.270362672964151,0.27274283848410996,0.286709943025175,0.28525160984588,0.297244169541745,0.300049351864716,0.29601224039880797,0.299005095563979,,
-0.7876666666666666,0.294843774368561,0.294272844594852,0.29679932011250604,0.296177993315331,0.296085218663467,0.29508863939892704,0.30072964274517605,0.300451805919152,0.272746104899134,0.27516577397998804,0.289094141797421,0.28763780376615194,0.299619061106968,0.302445431739179,0.29839515460408195,0.30141874408462704,,
-0.7933333333333332,0.29722821642550395,0.29666317284403804,0.299200058434516,0.29859002100156395,0.29849281667755606,0.297511352748896,0.303154174879296,0.302881757834242,0.275129535284784,0.277588263541401,0.29147894000436,0.290024611293195,0.30199430294382,0.304841457450766,0.30077834215835303,0.303832312750929,,
-0.7989999999999999,0.29961251596200394,0.299052803367042,0.30160064209719895,0.301001890990138,0.30090074707991,0.299934224429755,0.305579290078197,0.30531189113859897,0.277512991088036,0.280010338295647,0.293864336662594,0.29241205069696,0.304369915937008,0.307237491531637,0.30316182856555296,0.306245827062357,,
-0.8046666666666666,0.301996866709974,0.301441871383286,0.304001172576346,0.303413523429979,0.303309074516579,0.302357224942926,0.30800503025319104,0.307742286606667,0.279896498565443,0.28243202818398605,0.29625032737268003,0.294800136082654,0.30674592203161305,0.309633596641752,0.305545639434667,0.308659312578556,,
-0.8103333333333332,0.30438144911994,0.30383054906556894,0.306401754882492,0.30582486829405,0.305717861422873,0.304780335254401,0.31043142944410196,0.31017302333317,0.28228008365683305,0.284853362649987,0.298636906087052,0.297188877403259,0.309122344330686,0.312029834233597,0.30792979970016,0.311072794969971,,
-0.8159999999999998,0.30676642479005395,0.306219026491586,0.30880249328561604,0.30823590833291303,0.308127166665269,0.30720354804628497,0.312858513803285,0.312604176974815,0.284663771429551,0.28727437039757003,0.30102406576579,0.299578280594171,0.31149920684669896,0.314426263855622,0.31031433426050603,0.313486299716512,,
-0.8216666666666665,0.309151932581209,0.308607496648329,0.31120348785499496,0.310646658004675,0.31053704478781496,0.30962686825209396,0.31528630054014095,0.315035818412436,0.28704758661908003,0.2896950795581,0.30341179976016497,0.301968347759523,0.313876535019706,0.316822942065977,0.312699267487303,0.315899852055133,,
-0.8273333333333333,0.3115380860797,0.310996144608443,0.313604831132146,0.313057159611159,0.31294754605784497,0.312050312841604,0.317714797329729,0.31746801286785603,0.289431553339682,0.292115517607772,0.30580010262439195,0.30435907744173696,0.316254354931565,0.319219921971943,0.315084623493298,0.318313476655204,,
-0.8329999999999999,0.31392497165844896,0.313385140263734,0.316006606319787,0.315467477992298,0.315358715948534,0.314473910008622,0.32014400039411894,0.319900819346984,0.291815695454168,0.29453571134809803,0.308188971066792,0.30675046516832105,0.31863269350437107,0.321617252418774,0.31747042608674,0.32072719774636604,,
-0.8386666666666667,0.316312646192983,0.315774633710667,0.318408885761963,0.317877694799773,0.31777059562063203,0.31689769786164196,0.32257389393779307,0.322334290445214,0.294200035867771,0.29695568711772696,0.310578404245039,0.309142504180553,0.321011578412428,0.324014977363836,0.319856698530891,0.323141038888918,,
-0.8443333333333334,0.31870113831501196,0.318164752141609,0.32081173062560603,0.320287902971261,0.320183222382983,0.319321722828041,0.32500444721429306,0.32476847230182104,0.29658459741287296,0.299375470791921,0.312968403997211,0.311535186545305,0.323391037626466,0.32641313578200704,0.322243463782695,0.325555022618644,,
-0.85,0.32109045457723995,0.320555597447154,0.323215191560211,0.322698201680708,0.32259662992341803,0.321746037823654,0.327435613594684,0.327203404537615,0.29896940232953495,0.30179508763582696,0.31535897495651194,0.31392850424691404,0.325771099121656,0.328811761700801,0.324630744384208,0.32796917092044897,,
-0.8556666666666666,0.323480592204106,0.322947243992951,0.32561931052682597,0.325108691999964,0.32501084921753004,0.324170700393041,0.329867328970758,0.32963912008326096,0.30135447242839897,0.304214562428492,0.31775012418780396,0.31632245028361,0.328151790892902,0.331210883546792,0.32701856222622605,0.330383504724973,,
-0.8613333333333333,0.32587155388218797,0.32533973732517896,0.328024123803739,0.327519473247935,0.327425908491126,0.326595770855524,0.33229951188095697,0.332075644766791,0.303739829223459,0.306633919679465,0.320141861447596,0.318717019469969,0.330533140786709,0.33361052522737,0.32940693897618,0.332798044228917,,
-0.867,0.328263356577061,0.327733096243841,0.330429664895271,0.32993063994141697,0.329841833405782,0.329021310586586,0.334732065906802,0.33451299653181893,0.306125493562917,0.30905318344729305,0.322534198082357,0.321112208941697,0.332915176028348,0.33601070558560403,0.331795895783156,0.335212808829097,,
-0.8726666666666666,0.330656032960648,0.330127320974107,0.332835967072118,0.33234227942599703,0.332258647604859,0.331447380438205,0.337164884549044,0.336951184399428,0.308511486196678,0.31147237709669107,0.32492714714679805,0.323508018392133,0.335297923549439,0.33841143899017306,0.334185453140282,0.337627817050895,,
-0.8783333333333332,0.333049626111307,0.332522406757591,0.335243064576142,0.334754469986837,0.334676372294369,0.333874039460667,0.339597858724756,0.339390207109935,0.310897827247385,0.31389152384136604,0.327320722450273,0.325904450130894,0.337681409229096,0.340812736013005,0.33657563154538,0.34004308688959894,,
-0.8839999999999999,0.33544418243356394,0.33491835719012203,0.337650992421114,0.337167279612516,0.33709502656440504,0.336301343797355,0.3420308852385481,0.34183005151543605,0.313284536801731,0.31631064658888103,0.329714938076478,0.32830150905937605,0.340065658481706,0.34321460356951505,0.338966450610644,0.342458635958918,,
-0.8896666666666666,0.337839744360584,0.337315191172634,0.340059785040005,0.33958076554427696,0.33951462718942205,0.338729345935831,0.34446387581371896,0.344270690807359,0.315671634298019,0.31872976753998805,0.332109808029843,0.330699202457768,0.342450695747198,0.345617045590849,0.34135792991555697,0.344874481490655,,
-0.8953333333333332,0.340236345035856,0.339712942286115,0.34246947454474,0.34199497480019897,0.341935188730438,0.341158094261718,0.34689676305021006,0.34671208281132,0.31805913904673605,0.321148908952247,0.334505346179706,0.33309753975271505,0.344836544922029,0.348020063694937,0.343750088482413,0.347290640586687,,
-0.9009999999999998,0.34263400500997604,0.342111653127601,0.344880088708866,0.344409945855076,0.344356723554089,0.343587632841278,0.349329504956708,0.349154168698349,0.32044706988131,0.323568092502846,0.33690156649706604,0.33549653205068203,0.347223228635181,0.350423657812625,0.34614294535020196,0.349707130382968,,
-0.9066666666666665,0.3450327327114411,0.34451136817282496,0.347291649505005,0.3468257112346239,0.346779242293175,0.346018001571214,0.351762085077162,0.351596872708368,0.322835445613726,0.32598733957858506,0.3392984832998,0.33789619166925394,0.34961076879885694,0.352827827065536,0.34853651894074605,0.35212396828950104,,
-0.9123333333333333,0.34743252679563597,0.346912127171283,0.34970417245342894,0.349242300585948,0.3492027535821369,0.348449236457671,0.35419451132898294,0.354040103502414,0.325224284542164,0.32840667111111,0.34169611213633394,0.34029653162335605,0.35199918608441905,0.35523257060269403,0.35093082770305395,0.35454117225169607,,
-0.9179999999999999,0.349833379514032,0.34931396023224304,0.35211766665561794,0.351659743324034,0.351627264836142,0.350881370086943,0.35662681339777297,0.35648375781622904,0.32761360469334805,0.33082610805900203,0.3440944704428481,0.34269756521904304,0.35438850003626005,0.357637888330836,0.35332588983505503,0.35695876056941706,,
-0.9236666666666666,0.35223527786083797,0.351716885595266,0.354532135446801,0.35407807017220505,0.354052782364382,0.35331443215445896,0.359059038808382,0.35892772643428705,0.330003423949635,0.33324567075177597,0.346493577956694,0.345099305841967,0.356778728594552,0.360043782052197,0.355721723605344,0.35937675244648704,,
-0.9293333333333333,0.354638202102935,0.354120910501951,0.356947577844779,0.356497313435136,0.3564793120066261,0.35574844996221106,0.361491250343935,0.361371902007386,0.33239376015240196,0.335665379571491,0.34889345695005,0.347501766979805,0.35916988748333,0.362450256371319,0.35811834702087797,0.361795167606771,,
-0.9349999999999999,0.357042126021833,0.356526034116129,0.35936398972335704,0.358917506018811,0.358906859079908,0.35818344886178904,0.36392352240650805,0.36381618753847705,0.33478463045699997,0.338085254090555,0.351294132375914,0.34990496252546505,0.361561989879508,0.364857319008646,0.36051577798527396,0.36421402699925803,,
-0.9406666666666665,0.359447020054367,0.35893225025960296,0.361781365995266,0.3613386797625279,0.361335429071474,0.36061945254159006,0.366355938553063,0.366260503916721,0.33717605221869,0.340505314077278,0.353695631190236,0.352308907299726,0.363955045792828,0.367264981365996,0.362914034631996,0.3666333519188,,
-0.9463333333333332,0.361852858259699,0.361339547760863,0.36419970212129793,0.36376086348786296,0.36376502774374603,0.36305648322734996,0.36878858873374204,0.36870479514518606,0.339568042222064,0.34292557895728304,0.356097981925086,0.35471361765980197,0.36634906157112607,0.36967325894705794,0.3653131348531671,0.36905316489447604,,
-0.952,0.364259624105236,0.363747908874951,0.36661899535299397,0.36618408138057895,0.366195661177966,0.36549456170819394,0.371221566710915,0.37114903058659204,0.34196061743276196,0.345346067871622,0.358501213874552,0.35711911204881297,0.36874404060621,0.372082170646312,0.36771309660260104,0.371473488866916,,
-0.9576666666666666,0.366667311761197,0.366157308766056,0.369039245193858,0.36860835194490604,0.36862733622068705,0.36793370733413794,0.37365496755438893,0.3735932044026721,0.3443537943541469,0.34776679957843604,0.360905356313905,0.359525411409895,0.37113998508367607,0.374491739430744,0.37011393792754704,0.37389434747125894,,
-0.9633333333333332,0.36907592146165996,0.368567718725109,0.37146045301621006,0.371033687669269,0.37106006036765904,0.3703739379242679,0.37608888544914904,0.37603733293032704,0.34674758946738504,0.35018779281046303,0.36331043765411497,0.36193253929665103,0.37353689729563794,0.37690199061082197,0.3725156765867849,0.37631576475932005,,
-0.9689999999999999,0.37148545249000603,0.37097911290543295,0.37388262052590104,0.37346009536207403,0.373493841882065,0.37281526968754203,0.378523411288035,0.378481451064796,0.349142019088002,0.352609065996475,0.365716485072649,0.364340521638874,0.375934782583105,0.37931295227467104,0.37491833066642605,0.378737764924914,,
-0.9746666666666666,0.373895897849932,0.37339147444545,0.376305749680306,0.3758875770057771,0.375928689825158,0.37525771713918893,0.380958630575317,0.38092560846178597,0.35153709907444297,0.355030637377275,0.368123523935254,0.366749386303674,0.37833364907643496,0.38172465423469104,0.377321918071646,0.38116037250255397,,
-0.9803333333333333,0.37630724302774393,0.37580479722096993,0.37872984137446597,0.378316130951468,0.378364614196734,0.37770129313266204,0.383394621674843,0.383369866232526,0.35393284545647397,0.357452524949983,0.37053157749348103,0.3691591623788761,0.380733508572331,0.384137127381806,0.3797264563842411,0.383583611737529,,
-0.986,0.378719470148689,0.378219082257328,0.381154897109811,0.380745753428266,0.38080162590654104,0.380146008901525,0.38583145352809495,0.38581429418401203,0.356329274133801,0.359874746487829,0.372940666622791,0.37156987947495296,0.38313437584420795,0.38655040316659994,0.382131963443762,0.38600750670617207,,
-0.9916666666666667,0.3811325659906761,0.38063433126152,0.383580920295481,0.383176440293135,0.383239736457125,0.38259187420976,0.388269184701121,0.388258968699236,0.358726400515307,0.36229731977358504,0.375350809884599,0.37398156693302004,0.38553626783513895,0.38896451265705495,0.38453845674714093,0.388432081029093,,
-0.9973333333333333,0.383546529219848,0.383050540619459,0.386007917527031,0.385608188582259,0.385678958354041,0.38503889755985,0.39070786184526707,0.390703971012486,0.36112424023980394,0.364720262313147,0.377762023731771,0.37639425313608205,0.38793920246072205,0.39137948652375804,0.3869459535576671,0.390857357684408,,
-1.003,0.385961374589818,0.38546769877082504,0.38843589981780896,0.38804099755418503,0.38811930469529904,0.38748708645957797,0.393147520342431,0.39314938564437607,0.363522808468844,0.3671435913382561,0.38017432245539295,0.37880796498651,0.390343199141721,0.39379535419068606,0.38935447091972797,0.393283359212484,,
-1.0086666666666666,0.388377131885702,0.38788578855365297,0.39086488238827705,0.39047486878128296,0.39056078911036896,0.3899364476980349,0.395588185463137,0.39559529889165995,0.36592212041148997,0.369567323923636,0.382587718445741,0.38122272744941493,0.392748277252734,0.39621214404141203,0.39176402554161,0.395710107433233,,
-1.0143333333333333,0.39079384173864296,0.39030479349075503,0.3932948831619939,0.392909805325642,0.39300342572503905,0.392386987638269,0.39802987565648207,0.398041797241302,0.36832219111972103,0.371991477238753,0.385002222552346,0.383638563276239,0.3951544565332121,0.39862988267923793,0.39417463359268107,0.398137623283939,,
-1.02,0.393211548908015,0.39272470544860705,0.395725921157981,0.39534581045966,0.39544722955747796,0.394838712447861,0.40047260668758505,0.400488965699905,0.37072303548044605,0.374416068239961,0.387417844459781,0.3860554928369821,0.397561757017054,0.40104859522335706,0.39658631052823207,0.40056592710294897,,
-1.0256666666666665,0.39563029523577004,0.3951455300591721,0.39815801370823706,0.3977828864636911,0.39789221592212,0.39729162830733394,0.402916395182406,0.40293688599683397,0.37312466819260204,0.376841113674659,0.38983459273252,0.38847353406154295,0.39997019836344605,0.403468305299077,0.398999071288215,0.402995038626576,,
-1.0313333333333332,0.39805011308123106,0.397567288133637,0.400591175207856,0.400221034119391,0.40033840131499,0.399745741516575,0.405361261821762,0.40538563472940603,0.375527103788174,0.379266630105836,0.392252475179355,0.3908927025270201,0.40237980030399106,0.40588903530113707,0.40141292982213506,0.405424976888007,,
-1.037,0.400471019970211,0.39999001304713505,0.403025416845904,0.40266025318532706,0.40278580346480697,0.402201058581099,0.407807232259636,0.407835281431113,0.377930356847298,0.38169263404723,0.394671499090105,0.3933130115526359,0.404790582450867,0.40831080598223296,0.403827898779265,0.40785576038377597,,
-1.0426666666666664,0.402893016668026,0.402413745277679,0.40546074812956295,0.40510054378413496,0.40523444143615095,0.404657586216359,0.4102543363860589,0.41028588675527794,0.38033444149756795,0.384119142033659,0.397091671227907,0.39573447241773096,0.407202564066133,0.410733637431437,0.40624398970052006,0.41028740713879297,,
-1.0483333333333331,0.40531609043378203,0.404838525793005,0.407897180098959,0.40754190810836605,0.407684336128382,0.407115331349919,0.41270260626540706,0.41273750093521605,0.38273937189078994,0.386546170464081,0.399512998185504,0.39815709461993704,0.40961576425978,0.413157548575776,0.408661212836747,0.412719934773556,,
-1.054,0.40774022254615905,0.40726438932114506,0.410334728339229,0.40998435182391396,0.410135510469004,0.40957430113754206,0.41515207362237394,0.4151901629635639,0.385145162142831,0.38897373547009795,0.40193548614517294,0.400580886159825,0.41203020177856803,0.41558255762258,0.411079576664548,0.41515336038934203,,
-1.0596666666666668,0.410165400020281,0.40969135860450295,0.41277341618481106,0.41242788453987106,0.41258798938771396,0.4120345029571649,0.417602767032585,0.417643901018916,0.3875518261747021,0.391401853198497,0.40435914091734,0.403005853792821,0.414445895237829,0.41800868202846003,0.413499088637634,0.41758770099055104,,
-1.0653333333333332,0.41259162422468393,0.412119441122965,0.41521327583251094,0.414872519162157,0.415041799789758,0.41449594442201704,0.420054709558435,0.42009873447196605,0.38995937739223907,0.39383053983377897,0.406783968188836,0.405432003345738,0.41686286258022703,0.42043593840255605,0.415919754298552,0.42002297299558705,,
-1.071,0.41501891518515793,0.41454862978882,0.417654348311523,0.417318270249959,0.417496970250339,0.416958633431236,0.42250791744059496,0.422554677356158,0.39236782974142603,0.3962598113605779,0.40920997311795004,0.407859339941321,0.41928112173652393,0.422864342920331,0.418341578960375,0.422459192628073,,
-1.0766666666666667,0.41744731040806604,0.416978908740918,0.420096681691594,0.4197651519821429,0.41995353095227,0.419422578221604,0.424962399548129,0.425011742530347,0.39477719638988396,0.39868968367527796,0.411637160595126,0.41028786819073,0.42170068979582104,0.42529391049334897,0.42076456686974706,0.424896375506372,,
-1.0823333333333331,0.41987685990871504,0.41941026287591704,0.422540328552654,0.42221317650130397,0.422411512961673,0.42188778738200605,0.427418158221538,0.42746994542646505,0.397187490807706,0.40112017281680895,0.4140655350850371,0.41271759238137296,0.4241215837736189,0.427724655356806,0.423188722399951,0.427334537120242,,
-1.0879999999999999,0.422307620749599,0.42184268771868294,0.424985343691194,0.424662353385625,0.42487094768319605,0.424354269923004,0.42987519021266707,0.429929306371695,0.39959872593778106,0.403551294510004,0.41649510070813894,0.415148516558928,0.4265438199221311,0.430156590640086,0.425614050062087,0.42977369237419893,,
-1.0936666666666666,0.424739651934049,0.42427619554436297,0.427431781469875,0.42711269073884794,0.42733186662417605,0.42682203527574303,0.4323334897220039,0.43238985116987,0.402010914904344,0.405983064232935,0.41892586123655395,0.417580644600187,0.42896741421746704,0.432589728288807,0.428040555327505,0.43221385587491495,,
-1.0993333333333333,0.42717301091814297,0.426710816353351,0.42987969367547796,0.42956419777857796,0.42979430055723705,0.429291093332093,0.434793050180553,0.434851609962349,0.404424070574675,0.40841549817165,0.42135782001548705,0.42001398026314296,0.431392381715891,0.4350240785505539,0.43046824452085397,0.43465504163674695,,
-1.105,0.429607751126623,0.42914659460003,0.432329128331116,0.43201688816123096,0.432258279346734,0.43176145452215203,0.437253867749229,0.437314614940526,0.406838205669889,0.41084861166843495,0.42379098036746504,0.422448527182159,0.433818737312781,0.437459650064289,0.432897125212444,0.437097263335206,,
-1.1106666666666665,0.43204392077825005,0.43158358404334096,0.43478012798402293,0.434470782984187,0.43472383136757203,0.434233129879591,0.439715942815768,0.439778897502298,0.4092533327034771,0.413282420227829,0.426225345328435,0.424884288863218,0.436246495140993,0.439896449163605,0.43532720606319203,0.43954053418342703,,
-1.1163333333333332,0.434481562509412,0.43402184261158794,0.43723272951303793,0.4369259124761721,0.43719098322893607,0.43670613122156604,0.4421792810011121,0.44224448551429496,0.411669464204074,0.415716939560401,0.42866091811270707,0.42732126868681997,0.43867566852324896,0.44233447988890706,0.437758496823769,0.441984866947752,,
-1.1219999999999999,0.43692071335527294,0.436461428234772,0.43968696332064294,0.439382316116564,0.439659759765051,0.439180471360118,0.44464389148288797,0.444711401169928,0.414086612641226,0.41815218496902706,0.431097702180092,0.42975946987291,0.441106270194771,0.444773743683846,0.44019100787505605,0.44443027412010705,,
-1.1276666666666666,0.439361404420614,0.438902396009726,0.4421428533450471,0.4418400412599629,0.44213018350092403,0.44165616437159394,0.447109785141569,0.44717965972194107,0.416504789954187,0.420588171912442,0.433535701406841,0.43219889547473794,0.443538312570386,0.44721424022351897,0.442624750547147,0.446876767817468,,
-1.1333333333333333,0.44180366206887894,0.4413447965318789,0.44460041762876,0.444299140923772,0.444602275041871,0.44413322590574705,0.44957697112846,0.449649269219224,0.418924008471668,0.423024915665758,0.4359749204978611,0.43463954843058294,0.445971807009497,0.44965596752987197,0.445059736291026,0.449324359940122,,
-1.139,0.44424750727226203,0.443788675018511,0.447059668551724,0.44675967117811205,0.44707605280932206,0.44661167346733205,0.45204545399308793,0.452120231126045,0.421344279999606,0.425462431391136,0.4384153649270321,0.437081431568867,0.44840676415308794,0.45209892421972,0.4474959770132921,0.45177306224301794,,
-1.1446666666666667,0.44669295645177903,0.44623407111348395,0.449520614322614,0.44922168866108203,0.44955153327916,0.449091526634806,0.454515231838324,0.454592541849891,0.423765616598968,0.42790073402470397,0.440857041367465,0.43952454769894006,0.45084319420953206,0.454543110503057,0.449933484512275,0.45422288647262893,,
-1.1503333333333332,0.449140021027238,0.44868101894515,0.45198325979579607,0.45168524844649105,0.45202873102792607,0.45157280721798904,0.45698629592124895,0.45706619505356605,0.426188029932198,0.4303398388088,0.443299957548041,0.441968899715515,0.45328110654508896,0.45698852946501,0.452372270431899,0.456673844114668,,
-1.156,0.451588707735942,0.451129547517099,0.45444760802383793,0.45415040230909604,0.45450765882401706,0.454055539243971,0.459458631818372,0.45954118452449894,0.428611531704904,0.432779760357682,0.44574412239402506,0.444414490788211,0.45572050993278207,0.459435187579236,0.454812346596376,0.459125947159976,,
-1.1616666666666666,0.45403901818705106,0.453579680953236,0.4569136610066721,0.456617197459089,0.456988328007062,0.45653974883849097,0.461932222456434,0.462017506969179,0.43103613349772707,0.435220513489841,0.44818954578124104,0.44686132454234795,0.45816141246313496,0.46188309504326996,0.45725372425515204,0.461579207616859,,
-1.1673333333333331,0.456490949105726,0.4560314388555471,0.45938142084151395,0.45908567560277097,0.45947074835586293,0.45902546395618,0.464407051801636,0.46449516399458707,0.43346184678200295,0.43766211263992205,0.450636238373826,0.44930940525318397,0.46060382186828597,0.46433226515484005,0.45969641445342296,0.464033637778611,,
-1.1729999999999998,0.45894449226758294,0.45848483654468397,0.461850889751954,0.461555872348715,0.46195492851593395,0.461512713964175,0.4668831074967,0.466974162639925,0.43588868286989,0.440104572149681,0.45308421142174,0.45175873806731703,0.463047745067026,0.46678271362861,0.46214042816221296,0.46648925044569106,,
-1.1786666666666665,0.461399635667556,0.460939885108365,0.464322069824484,0.46402781685395794,0.464440875837573,0.464001529218134,0.469360382356235,0.469454514248659,0.438316653111747,0.442547906068111,0.45553347629926205,0.454209329132109,0.46549318880260604,0.469234458585938,0.464585776149258,0.468946058428116,,
-1.1843333333333332,0.46385636437887295,0.46339659139229605,0.466794962868193,0.46650153176299,0.46692859673104703,0.4664919404943971,0.471838873955798,0.47193623203417295,0.440745768962427,0.444992128328341,0.45798404415986604,0.45666118568895603,0.46794015911484005,0.471687519369006,0.467032468910322,0.471404075469839,,
-1.19,0.466314663122883,0.46585495788156106,0.469269569437676,0.46897703338428604,0.469418096589883,0.468983978475243,0.474318583243133,0.47441932784503005,0.443176041320582,0.44743725243001403,0.460435925564849,0.45911431608704606,0.47038866191630696,0.47414191627575897,0.46948051667898,0.473863315454955,,
-1.1956666666666664,0.46877451804981296,0.4683149824934699,0.4717458886489171,0.4714543321396071,0.471909380056575,0.471477673226007,0.47679951184815295,0.4769038089061621,0.44560748132452005,0.4498832917174879,0.46288913004658794,0.4615687296894871,0.472838702645526,0.476597670133497,0.47192993001363004,0.476323792669079,,
-1.2013333333333334,0.471235919047035,0.47077665865984,0.474223917582174,0.473933433367325,0.47440245104466106,0.47397305373642207,0.47928166034296105,0.47938967535198296,0.44804009989849297,0.45233025910176894,0.465343665788238,0.46402443669173704,0.47529028647621296,0.47905480208796397,0.47438071929688497,0.478785521799939,,
-1.2069999999999999,0.47369886084144397,0.473239975539812,0.47670365172241397,0.476414338309073,0.47689731262244106,0.476470147490111,0.48176502890259104,0.48187691906305896,0.45047390819051397,0.45477816707967206,0.467799539296406,0.4664814478849679,0.477743418114582,0.481513332835391,0.476832895099163,0.48124851788265793,,
-1.2126666666666666,0.4761633434972079,0.475704918849495,0.479185085080235,0.478897045295464,0.479393967474901,0.478968980171025,0.48424962006650607,0.4843655242544179,0.452908916939329,0.45722702787546,0.47025675499509,0.4689397743396839,0.48019810191607104,0.4839732828186061,0.479286467945859,0.483712796138471,,
-1.2183333333333333,0.478629371514418,0.478171472263209,0.481668210330513,0.48138155091886403,0.48189241754724504,0.48146957539496005,0.486735442903623,0.486855469642761,0.45534513695476597,0.45967685324406393,0.47271531538694,0.47139942706036503,0.48265434170627003,0.486434671878348,0.48174144873445296,0.48617837177535206,,
-1.224,0.48109695284588105,0.4806396193363289,0.4841530191001529,0.48386785096840595,0.484392664470939,0.4839719545717461,0.4892225178570221,0.48934673166910403,0.457782578889201,0.462127654401285,0.47517522067889006,0.47386041663780704,0.485112140605255,0.488897519045245,0.48419784857923204,0.488645260172332,,
-1.2296666666666667,0.48356609706852705,0.48310934553077706,0.486639502209384,0.486355941066415,0.486894709453272,0.486476136792468,0.49171087988890705,0.491839287861817,0.46022125341804604,0.464579442283587,0.477636469324826,0.47632275284640796,0.487571501674689,0.491361842795925,0.486655678832439,0.4911134764525711,,
-1.2353333333333332,0.486036813772784,0.4855806399874171,0.489127649612532,0.488845816906411,0.48939855336069704,0.4889821388541839,0.494200578602158,0.494333119274676,0.46266117117890404,0.46703222724629795,0.480099058176877,0.47878644429608597,0.490032427377251,0.49382766051853905,0.48911495120917997,0.49358303553602295,,
-1.2409999999999999,0.4885091110436,0.48805349654740793,0.49161745039688,0.49133747414569295,0.49190419667176394,0.49148997528040506,0.496691676972344,0.496828211417156,0.46510234257332705,0.4694860192925,0.482562983055142,0.481251498123001,0.4924949210938379,0.49629498895603,0.491575677612762,0.496053951841195,,
-1.2466666666666666,0.490982994646012,0.49052791389468,0.494108891464632,0.49383090817513003,0.494411639536029,0.49399965843962396,0.499184247653709,0.499324553627373,0.46754477806033,0.471940827959897,0.48502823967730896,0.483717919680956,0.494958987319438,0.498763844000681,0.49403787026942403,0.49852623925425,,
-1.252333333333333,0.49345846715622604,0.49300389482390905,0.496601956297721,0.496326113923334,0.49692088164519305,0.496511198664752,0.5016783690072479,0.501822137606177,0.46998848810693605,0.47439666234264394,0.48749482412500394,0.48618571235328706,0.497424631878014,0.50123424073963,0.49650154181455103,0.50099991091484,,
-1.2579999999999998,0.49593552798643203,0.495481444956788,0.49909662200170896,0.49882308577424495,0.49943192211351,0.49902460444404,0.5041741208993811,0.504320956409708,0.47243348280624703,0.476853531220159,0.489962733819118,0.488654877453181,0.49989186258111,0.503706193518503,0.49896670481632205,0.503474979043179,,
-1.2636666666666665,0.49841417359463,0.497960571189211,0.501592857683677,0.5013218175877481,0.501944759234181,0.501539882605272,0.506671581008698,0.506821005079043,0.474879772399878,0.47931144309897,0.492431967924142,0.49112541428436496,0.502360688859483,0.5061797159717489,0.50143337243731,0.5059514547584489,,
-1.2693333333333334,0.5008943977712329,0.500441280184575,0.50409062365902,0.503822302728432,0.504459390485209,0.5040570384834481,0.509170822109109,0.509322283483623,0.47732736709293105,0.481770406332781,0.494902527845872,0.493597320363802,0.504831121493591,0.5086548208917661,0.5039015575487921,0.508429347876954,,
-1.275,0.50337619224701,0.5029235773041401,0.5065898745761189,0.5063245340263329,0.506975812072276,0.506576076127409,0.5116719096228289,0.511824800710021,0.47977627681847795,0.484230429029904,0.49737441723572606,0.49607059179454704,0.507303172455651,0.511131520368591,0.506371273518949,0.510908666641006,,
-1.2806666666666666,0.5058595471500971,0.505407465803236,0.5090905654969411,0.508828503725247,0.509494018738504,0.509096998500873,0.514174900640108,0.514328579348301,0.48222651158330204,0.486691519205072,0.499847642055865,0.498545223886939,0.5097768545088359,0.513609825534649,0.5088425335935189,0.5133894179459431,,
-1.2863333333333333,0.508344451944936,0.507892946579573,0.5115926600586311,0.511334203483628,0.5120140039972171,0.511619807624285,0.516679843003352,0.5168336581477221,0.484678081235601,0.489153684951452,0.5023222102946311,0.501021211781867,0.512252181139308,0.5160897467851849,0.511315350951998,0.5158716069085529,,
-1.2919999999999998,0.510830897186989,0.5103800181940871,0.5140961375260279,0.51384162428975,0.514535759799238,0.514144504754796,0.519186775099084,0.51934009219065,0.48713099556613,0.491616934554632,0.5047981314656079,0.503498551191187,0.514729165975749,0.518571293653836,0.513789738761544,0.5183552372292849,,
-1.2976666666666665,0.513318876159022,0.512868677008664,0.51660099610155,0.5163507561519161,0.5170592767748521,0.516671090525213,0.521695726012376,0.521847950736706,0.48958526426502896,0.494081276183622,0.507275416357526,0.505977239089771,0.517207822917104,0.5210544743517029,0.516265710282611,0.5208403108573579,,
-1.3033333333333332,0.515808386129422,0.515358917294772,0.519107253101052,0.518861587080758,0.519584545120202,0.5191995650905711,0.52420671571617,0.524357313389396,0.49204089707165993,0.496546718392137,0.5097540766905639,0.5084572741972779,0.519688165813358,0.52353929629966,0.518743278215787,0.523326828838668,,
-1.309,0.518299428887665,0.517850731595005,0.521614941936589,0.521374101196082,0.522111554809739,0.521729928252152,0.526719755284164,0.526868265539589,0.49449790339079297,0.49901326996235207,0.512234124613564,0.5109386573725629,0.522170208731979,0.526025765841795,0.521222455316655,0.525814791206875,,
-1.3146666666666667,0.520792009747459,0.5203441115556691,0.5241241071014361,0.523888276088511,0.5246402964465771,0.524262179573647,0.529234847962095,0.5293808938176939,0.49695629284085496,0.501480939815118,0.514715572409188,0.513421391686057,0.524653965275061,0.528513887840661,0.523703253943175,0.5283041976520421,,
-1.3203333333333331,0.523286135561428,0.522839049230183,0.5266347999425329,0.526404080320005,0.52717076253008,0.526796318494444,0.531751989346111,0.531895282149587,0.49941607470559096,0.503949737300093,0.517198432379728,0.515905482402609,0.527139449055894,0.531003666328529,0.526185686085818,0.530795047875674,,
-1.3259999999999998,0.5257818116517279,0.525335538739194,0.52914707393444,0.528921472501921,0.529702948013343,0.5293323444515129,0.5342711688808099,0.5344115086112701,0.501877258200087,0.506419671962537,0.519682716492674,0.5183909367029529,0.529626673262979,0.533495103954232,0.528669763423807,0.533287341903739,,
-1.3316666666666666,0.5282790381475829,0.52783357766627,0.531660981459065,0.531440403569286,0.5322368508901121,0.531870256930967,0.5367923707858,0.5369296433382991,0.504339852778545,0.508890753791512,0.522168436425946,0.5208777634198279,0.5321156509678929,0.535988202297801,0.5311554970251731,0.5357810804685089,,
-1.337333333333333,0.530777806547096,0.53033316769934,0.534176571592646,0.533960822736612,0.534772473027589,0.534410055566731,0.53931557573462,0.539449747270505,0.506803867350929,0.511362992570383,0.5246556034184551,0.523365972593617,0.534606394750932,0.538482961958164,0.5336428975176329,0.538276265141615,,
-1.343,0.5332780972323989,0.532834314182515,0.5366938886758921,0.536482685809564,0.537309820189631,0.5369517401513639,0.541840762321855,0.5419718716653811,0.509269311150936,0.5138363989629721,0.527144228233405,0.525855575178086,0.537098916954073,0.5409793825474749,0.536131974765836,0.540772898080004,,
-1.3486666666666667,0.535779879540073,0.5353370245477911,0.539212971922903,0.539005962972036,0.539848901856507,0.539495310624785,0.544367908085349,0.544496058107464,0.511736193159806,0.516310983498493,0.529634321216338,0.528346582646682,0.539593229399842,0.5434774628722691,0.5386227382846179,0.543270982518923,,
-1.3543333333333334,0.53828311560585,0.537841305976059,0.541733856297395,0.541530643641774,0.542389731268185,0.542040767047372,0.546896990643831,0.547022338844564,0.514204522304803,0.518786756986563,0.532125892149172,0.530839006722532,0.542089343645306,0.5459772010316141,0.541115196472293,0.545770522099678,,
-1.3599999999999999,0.54078776803487,0.540347162453359,0.544256573522786,0.5440567373520611,0.544932324662646,0.544588109434334,0.5494279882691879,0.549550737257841,0.516674307425554,0.521263730325954,0.534618950256566,0.5333328591548,0.544587270891312,0.548478594895819,0.54360935741761,0.5482715208573851,,
-1.3656666666666666,0.543293808452609,0.54285459160505,0.5467811531069771,0.546584271345875,0.5474767009254099,0.54713733761005,0.5519608797193779,0.5520812683346651,0.5191455573649779,0.5237419146690759,0.5371135044748679,0.535828151521991,0.5470870218288321,0.550981641739553,0.546105228234908,0.550773983011619,,
-1.3713333333333333,0.5458012236736961,0.545363581601396,0.549307623735777,0.549113286217105,0.550022880799443,0.549688450934463,0.554495644724293,0.554613939127124,0.521618280805699,0.5262213213802771,0.539609563157277,0.538324895097072,0.549588606756209,0.553486339049876,0.5486028157854821,0.55327791284366,,
-1.3769999999999998,0.548310017761508,0.547874109473977,0.551836013738339,0.55164383094825,0.552570886290914,0.552241448013902,0.557032264133182,0.5571487491591121,0.524092486567934,0.528701961656351,0.5421071341617479,0.540823100791526,0.552092035519921,0.5559926841874621,0.55110212629225,0.5557833143100379,,
-1.3826666666666665,0.550820210025082,0.5503861418123921,0.5543663511603429,0.5541759582630079,0.555120740195104,0.5547963263249089,0.5595707203345109,0.559685690834916,0.5265681832042279,0.53118384707851,0.544606224958317,0.543322779069447,0.554597317544083,0.5585006750002889,0.5536031657604711,0.558290191323794,,
-1.3883333333333332,0.55333183090243,0.552899639352191,0.556898663397838,0.556709720795707,0.557672465408818,0.5573530818889311,0.5621109976315151,0.562224749924886,0.5290453793146179,0.533666989125869,0.547106842624363,0.545823939922411,0.557104461553342,0.561010309515553,0.5561059399894921,0.5607985474573461,,
-1.394,0.5558449174046589,0.555414564385558,0.5594329768587211,0.5592451683959039,0.5602260847875671,0.559911708965249,0.564653082339474,0.564765906207253,0.5315240833946641,0.536151399470956,0.549608993720409,0.5483265928618349,0.559613476161558,0.563521586323585,0.558610454802967,0.563308385892447,,
-1.3996666666666666,0.55835950930468,0.557930888885522,0.5619693159009489,0.561782346531288,0.5627816207774089,0.5624721998445219,0.567196962590564,0.5673091342805551,0.5340043040461611,0.5386370897129921,0.552112684424755,0.550830746885736,0.562124369095272,0.5660345047905521,0.561116716287979,0.565819709413161,,
-1.405333333333333,0.560875645857433,0.56044859995079,0.5645077026995949,0.564321295888455,0.565339095091247,0.56503454485427,0.569742627069896,0.569854404588949,0.536486049699719,0.541124071483096,0.5546179204979511,0.5533364105085129,0.564637147748829,0.568549065111063,0.5636247307073461,0.5683325207665489,,
-1.4109999999999998,0.563393364182866,0.562967701342385,0.567048156390245,0.566862052823331,0.567898528835132,0.56759873254614,0.572290063700886,0.572401684568272,0.538969328730164,0.543612356415924,0.557124707252873,0.555843591747333,0.5671518186051271,0.571065269195666,0.566134504702006,0.570846822529478,,
-1.4166666666666665,0.56591269795026,0.5654882113767629,0.569590692636376,0.569404650455264,0.570459942276999,0.570164750179064,0.574839255803868,0.574950939915152,0.5414541496082371,0.5461019562503591,0.5596330496175079,0.558352298112729,0.569668387432408,0.573583120250913,0.568646045190782,0.573362617317319,,
-1.4223333333333332,0.568433677082349,0.568010159085482,0.572135323312816,0.57194911988616,0.5730233548764461,0.572732584438349,0.5773901779780339,0.577502136033333,0.5439405207785271,0.54859288253979,0.56214295223963,0.5608625366490649,0.572186859187123,0.5761026236655171,0.571159359218745,0.575879907953597,,
-1.428,0.570956327575093,0.5705335798668321,0.574682056768342,0.574495491207803,0.575588785457107,0.575302222366945,0.579942790364984,0.580055239524819,0.546428450484756,0.5510851468601489,0.5646544192519,0.563374313900383,0.5747072373232021,0.578623786717657,0.5736744543445861,0.5783986978224089,,
-1.4336666666666666,0.5734806716228,0.5730585116815681,0.577230897545531,0.577043794001056,0.578156251921687,0.577873652373187,0.582497035104198,0.5826102197619921,0.548917947147327,0.5535787609323871,0.56716745462337,0.565887635950143,0.5772295242519929,0.5811466185289991,0.576191337701969,0.580918990664422,,
-1.4393333333333334,0.576006728064743,0.57558499230384,0.5797818473048559,0.579594057380616,0.5807257713203691,0.5804468652686651,0.58505283707333,0.5851670501302421,0.551409018844581,0.556073736121908,0.5696820618909929,0.568402508442288,0.579753720625597,0.583671129585173,0.578710016972411,0.5834407913720171,,
-1.4449999999999998,0.578534512390005,0.578113057396494,0.582334905695847,0.582146309631829,0.583297360001565,0.58302185514261,0.5876101113359671,0.587725708769307,0.5539016741316121,0.558570083822935,0.572198244416337,0.570918936551485,0.582279825903594,0.5861973314292349,0.5812304996056129,0.585964105321434,,
-1.4506666666666665,0.581064037286921,0.580642739448015,0.5848900713885831,0.584700577677418,0.585871033411264,0.585598620024346,0.590168775796435,0.590286178624928,0.556395921025449,0.5610678154426569,0.574716005342665,0.573436925061013,0.584807838253896,0.5887252361845551,0.583752792925518,0.588488939349464,,
-1.4563333333333333,0.5835953125691921,0.583174067275986,0.5874473432528371,0.587256886460631,0.588446805952471,0.588177162241683,0.59272876490652,0.5928484469491109,0.5588917678810811,0.563566942289605,0.577235347611902,0.575956478298283,0.587337755415526,0.591254856377969,0.586276904168043,0.591015301175973,,
-1.4619999999999997,0.586128345708508,0.5857070659183771,0.5900067211904461,0.589815258340425,0.5910246912491259,0.590757488545605,0.5952900400578411,0.59541250413501,0.5613892228849301,0.566067475216214,0.579756274000003,0.578477600259699,0.589869575039199,0.593786204395412,0.588802840307586,0.5935431996886379,,
-1.4676666666666665,0.588663141962105,0.5882417567624979,0.592568206423048,0.592375712566936,0.5936047017003411,0.593339609823479,0.597852594655426,0.597978341621722,0.5638882942860259,0.568569425419732,0.5822787872396279,0.581000294552678,0.59240329470366,0.5963192925320571,0.5913306081931221,0.5960726449414671,,
-1.4733333333333332,0.591199704818665,0.59077815770601,0.595131801341469,0.594938264884286,0.5961868487061059,0.595923540687458,0.6004164532485781,0.600545948399424,0.5663889901054929,0.571072803671004,0.584802890007661,0.5835245644610451,0.594938912474005,0.598854132789318,0.5938602143662529,0.59860364806855,,
-1.4789999999999999,0.593738036449249,0.5933162834863771,0.597697508513754,0.597502927261848,0.598771142910234,0.598509298866563,0.602981667006001,0.603115305896718,0.5688913185730059,0.573577620665272,0.5873285849437809,0.586050413017259,0.597476426486797,0.601390736532505,0.5963916652800121,0.601136220947563,,
-1.4846666666666666,0.596278138527843,0.595856145854896,0.6002653296917839,0.600069707902078,0.6013575936253521,0.6010969045032291,0.6055483066162309,0.6056863818052171,0.5713952877573599,0.576083886861102,0.589855874736158,0.588577842968598,0.600015835278799,0.603929114936708,0.59892496688847,0.603670376432302,,
-1.4903333333333333,0.5988200128097599,0.5983977538329979,0.6028352645291,0.6026386115501879,0.6039462093663449,0.6036863794449411,0.608116454496903,0.60825912479322,0.573900905770261,0.578591612583527,0.5923847620912321,0.591106856886928,0.602557137824444,0.60646927862986,0.601460125449495,0.6062061277115239,,
-1.496,0.6013636617753321,0.600941113966777,0.605407309661808,0.605209640190266,0.6065369977628959,0.606277746567927,0.610686197333645,0.610833463343832,0.5764081805165439,0.5811008078746851,0.594915249773919,0.5936374571757329,0.6051003338108281,0.609011237967106,0.603997146566965,0.608743488557071,,
-1.5016666666666665,0.603909088905209,0.603486230663933,0.6079814577066149,0.607782794095872,0.609129965540134,0.6088710291852121,0.6132576198544261,0.61340931133028,0.57891712028196,0.5836114827487989,0.5974473406166121,0.596169646142084,0.6076454234852939,0.611555002835472,0.606536035896481,0.6112824728283579,,
-1.507333333333333,0.606456299291413,0.60603310660633,0.610557697171809,0.610358073082254,0.611725118917477,0.611466250592622,0.615830800071436,0.615986580180334,0.581427732706167,0.5861236468186409,0.599981037506744,0.5987034259970999,0.610192407970803,0.614100582809761,0.60907679902606,0.613823094651969,,
-1.513,0.609005299130473,0.608581743439245,0.613136012219338,0.612935477708075,0.614322463503295,0.614063433718193,0.618405806058681,0.618565193759189,0.5839400259760179,0.588637309559802,0.602516343422415,0.601238798945033,0.612741288879411,0.616647987423683,0.6116194413182661,0.6163653678354211,,
-1.5186666666666664,0.611556095909567,0.611132142432968,0.6157163824825971,0.615515010096934,0.6169220045180072,0.616662600890433,0.6209826943661679,0.621145101118277,0.5864540078363821,0.5911524801660251,0.6050532613390279,0.60377576718775,0.6152920683510339,0.6191972254541689,0.6141639679844529,0.6189093061027321,,
-1.5243333333333333,0.614108697727818,0.613684305181089,0.618298783164704,0.6180966742523331,0.619523746879309,0.619263773691175,0.623561510421746,0.623726283856343,0.5889696861298791,0.5936691676986879,0.6075917942514,0.606314332968304,0.6178447487878349,0.621748305870383,0.6167103843059599,0.621454922986957,,
-1.53,0.6166631130985161,0.616238234301783,0.6208831855304909,0.620680475702032,0.62212769510726,0.62186697287541,0.6261422893827,0.6263087576169301,0.591487068601055,0.5961873808909829,0.610131945262557,0.608854498602438,0.620399332864333,0.624301237053719,0.619258695512677,0.6240022313560261,,
-1.5356666666666665,0.6192193504112901,0.61879393362295,0.623469558650416,0.6232664206890289,0.624733853626304,0.624472218363309,0.6287250591878221,0.628892568525908,0.594006163169739,0.5987071282845561,0.612673717320787,0.611396266447839,0.622955823415563,0.626856027241549,0.621808906518645,0.626551243982137,,
-1.5413333333333332,0.6217774176649828,0.621351408456559,0.626057873165954,0.6258545148272929,0.6273422266273829,0.6270795291967951,0.631309843398001,0.631477786408688,0.596526977331871,0.601228418173838,0.6152171134763871,0.613939638953018,0.6255142233392099,0.629412684172035,0.624361022316005,0.6291019728199879,,
-1.5469999999999997,0.624337322278969,0.6239106653374761,0.62864810612809,0.62844476160596,0.6299528178249499,0.629688923547493,0.633896663766323,0.6340644964249179,0.599049518871155,0.6037512588563629,0.617762136526684,0.61648461866526,0.628074535172735,0.631971215454053,0.626915047949296,0.631654429495802,,
-1.5526666666666666,0.6268990708600041,0.6264717116631721,0.6312402456278841,0.631037160699865,0.632565630686946,0.6323004186805239,0.6364855424533671,0.636652790607647,0.60157379520205,0.6062756581413261,0.620308789339801,0.6190312081457869,0.630636761741503,0.6345316281011559,0.629470987968778,0.634208625008646,,
-1.5583333333333331,0.6294626690449151,0.6290345553936629,0.6338342932886321,0.6336317063698461,0.635180668011758,0.634914030917927,0.639076502623731,0.639242760529036,0.604099813890656,0.6088016240894439,0.6228570746606011,0.621579410030616,0.6332009057613449,0.637093928704912,0.6320288470248111,0.6367645696401071,,
-1.564,0.632028121499022,0.6315992045241949,0.6364302641420639,0.6362283860787861,0.637797931731596,0.6375297756054891,0.6416695682433969,0.6418344916808759,0.606627582448212,0.61132916422198,0.62540699498828,0.624129227026264,0.635766969640288,0.639658123419692,0.6345886294542961,0.6393222732110749,,
-1.5696666666666665,0.634595431681667,0.634165666817772,0.639028184422397,0.6388271796054761,0.64041742305947,0.640147667038361,0.644264763753391,0.644428059758812,0.609157108120991,0.613858286388746,0.62795855268348,0.626680661788056,0.638334955779064,0.6422242177079079,0.6371503392065749,0.641881744772671,,
-1.5753333333333333,0.637164601911154,0.6367339495105789,0.641628088386567,0.641428058787241,0.6430391418510051,0.642767718446543,0.646862112781365,0.647023528910967,0.611688398274852,0.6163889979959699,0.6305117500192751,0.6292337169977901,0.640904866550589,0.6447922166066229,0.6397139800103261,0.6444429928306329,,
-1.5809999999999997,0.6397356330926021,0.6393040590732391,0.644230015044318,0.644030988067056,0.6456630865091589,0.645389941901212,0.649461637194158,0.649620951750825,0.614221460029902,0.618921306875021,0.633066588877344,0.631788395273811,0.6434767039486701,0.647362124420522,0.642279554922183,0.647006024988579,,
-1.5866666666666664,0.6423085247364599,0.641876001191151,0.646834005357057,0.646635926149369,0.648289254020496,0.648014348329723,0.6520633563229781,0.6522203708895911,0.6167563006402621,0.621455220431342,0.635623071116508,0.63434469916323,0.6460504699084411,0.649933944251365,0.6448470667339511,0.649570848299731,,
-1.592333333333333,0.644883274783735,0.6444497805441739,0.649440100074878,0.6492428292517309,0.650917639676818,0.6506409475471059,0.654667285826223,0.654821821534685,0.61929292701959,0.6239907465103989,0.63818119824388,0.6369026311574499,0.648626165984709,0.6525076787955799,0.647416517470166,0.652137469097409,,
-1.5979999999999999,0.6474598797560229,0.647025400789849,0.652048337977464,0.651851656078211,0.653548236989855,0.653269748191176,0.6572734371132359,0.657425334380047,0.621831346204836,0.626527892681209,0.640740971554485,0.639462193571965,0.651203793706541,0.655083329310338,0.649987908702289,0.654705893017886,,
-1.6036666666666668,0.650038334571958,0.64960286442681,0.6546587551733511,0.6544623738576539,0.656181037970833,0.655900757877559,0.6598818170999069,0.660030938101532,0.624371564938716,0.629066666661923,0.643302392012322,0.642023388625298,0.6537833540458461,0.65766089592106,0.652561241516111,0.6572761251221569,,
-1.6093333333333333,0.6526186330803871,0.652182172820582,0.657271384174734,0.657074963597239,0.658816033039361,0.6585339832601229,0.6624924281721329,0.662638660800511,0.626913590030406,0.631607076237627,0.645865460489529,0.644586218321614,0.656364847910555,0.66024037792095,0.655136516407147,0.6598481701461301,,
-1.615,0.65520076844384,0.654763326003586,0.6598862532641279,0.6596894227543489,0.661453211678033,0.661169430136984,0.665105268823745,0.6652485304206701,0.6294574280666441,0.6341491293620078,0.648430177477494,0.6471506845083871,0.6589482758451479,0.6628217733108559,0.657713733635699,0.6624220321653729,,
-1.6206666666666665,0.6577847338804439,0.657346322610636,0.662503386526706,0.6623057649127939,0.6640925626975849,0.6638071036255581,0.6677203350051341,0.667860574253121,0.632003085566016,0.636692833884933,0.650996543312963,0.6497167888131341,0.6615336379206851,0.6654050793868089,0.660292893117535,0.664997715319939,,
-1.6263333333333332,0.660370523075222,0.6599311597912819,0.6651228038444039,0.664924017155438,0.666734075066136,0.6664470082707641,0.670337621402985,0.670474817899125,0.6345505689038929,0.6392381977372379,0.653564558038354,0.6522845326709771,0.664120934047004,0.6679902929339859,0.662873994461491,0.667575223441704,,
-1.6319999999999997,0.662958130870029,0.662517833289866,0.667744520299076,0.6675442161665489,0.669377738809943,0.669089148232592,0.672957123183229,0.6730912841061321,0.6370998843795451,0.641785228972943,0.6561342214221241,0.654853917244087,0.666710163884672,0.670577409874463,0.6654570372557951,0.670154560494903,,
-1.6376666666666666,0.665547553738885,0.6651063374231679,0.6703685465922851,0.670166404384033,0.6720235453694511,0.671733527354559,0.675578837120941,0.6757099916205961,0.639651038020903,0.6443339354724471,0.658705533197735,0.657424943510704,0.669301326591528,0.673166425643687,0.6680420207648929,0.672735730684282,,
-1.643333333333333,0.668138789627656,0.667696665537691,0.672994889037234,0.6727906265569301,0.6746714887425279,0.674380149288829,0.678202762465694,0.6783309542862199,0.642204035931225,0.6468843252631451,0.661278492724366,0.6599976121534289,0.6718944214168989,0.6757573347663511,0.6706289442697579,0.6753187381124699,,
-1.649,0.670731838011345,0.6702888103429671,0.675623549677694,0.6754169269888071,0.677321565937334,0.677029017536941,0.680828900701672,0.6809541805328231,0.644758883855758,0.649436406212301,0.6638530991696651,0.662571923684275,0.67448944675201,0.6783501309283451,0.673217806626917,0.6779035872374721,,
-1.6546666666666665,0.673326699820597,0.6728827645969739,0.67825452659453,0.6780453476195021,0.679973777105044,0.6796801354248481,0.683457254868469,0.683579673086879,0.6473155874664511,0.6519901864211078,0.666429351543482,0.6651478783632071,0.677086401162427,0.6809448071685761,0.67580860603397,0.6804902824942229,,
-1.6603333333333332,0.675923376774622,0.675478521594429,0.6808878145590339,0.680675926670652,0.6826281260742549,0.682333506035192,0.686087827750763,0.6862074292744389,0.649874152529209,0.654545673490383,0.6690072485467379,0.667725476250809,0.679685282842792,0.683541355829091,0.678401340878811,0.683078828693008,,
-1.6659999999999997,0.678521871612839,0.678076075744872,0.683523404680351,0.683308697898147,0.6852846196831178,0.6849891320974479,0.688720618879691,0.6888374416954499,0.652434584247908,0.657102875333721,0.6715867885766139,0.6703047171651421,0.6822860897031421,0.6861397694789979,0.680996008806086,0.685669230478396,,
-1.6716666666666664,0.681122187477017,0.680675422725147,0.686161284193286,0.6859436901652328,0.687943267788099,0.687647015807442,0.691355621280694,0.6914696994400961,0.654996888037819,0.6596617998288511,0.6741679698270141,0.672885600750084,0.6848888190476221,0.6887400407898979,0.683592607229459,0.68826149253517,,
-1.6773333333333333,0.683724328062436,0.6832765597653412,0.6888014350667471,0.6885809272834762,0.690604082563796,0.6903071585205999,0.6939928163668659,0.6941041897455229,0.657561068949913,0.662222454384564,0.676750790040854,0.675468126447161,0.6874934680165319,0.691342162839845,0.6861911335451889,0.690855619391171,,
-1.6829999999999998,0.6863282971855721,0.685879485403599,0.691443832218674,0.6912204280181421,0.693267078017084,0.6929695605756759,0.6966321699893361,0.696740899818999,0.660127132173948,0.664784846639367,0.6793352466461889,0.67805229349781,0.6901000332497409,0.6939461299942989,0.688791584650249,0.6934516156484071,,
-1.6886666666666668,0.688934098913981,0.6884841994337271,0.694088441456538,0.69386220621787,0.695932269255746,0.695634220875109,0.6992736291124101,0.699379818560739,0.662695082480502,0.667348984156875,0.6819213365861251,0.680638100901784,0.6927085100689689,0.696551937154209,0.691393957815805,0.6960494855054631,,
-1.6943333333333332,0.691541737116708,0.691090702675663,0.696735219104422,0.6965062710813411,0.698599672075084,0.6983011366014339,0.701917122853822,0.7020209378783571,0.665264924831828,0.6699148743000369,0.684509056293761,0.683225547438014,0.695318893098021,0.69915958011724,0.6939982502064499,0.698649233104534,,
-1.7,0.6941512152611861,0.693698996818666,0.699384114192006,0.6991526276074499,0.701269302378487,0.700970302858299,0.704562569602374,0.7046642533465101,0.6678366639050949,0.6724825243671251,0.687098401899586,0.6858146316148199,0.697931175355469,0.701769055702236,0.6966044594972091,0.7012508623740848,,
